timestamp,gyro_x,gyro_y,gyro_z,acc_x,acc_y,acc_z
0,-0.1311568170785904,-0.31411057710647583,0.2444709837436676,-0.1101050078868866,0.4844619929790497,0.9055450558662415
0.02,-0.4826837182044983,-0.3609808385372162,0.013448567129671574,0.02400350011885166,0.4136410057544708,0.8087989687919617
0.04,-0.5838808417320251,-0.36630702018737793,-0.1250317245721817,-0.01823900081217289,0.42120498418807983,0.8967610597610474
0.06,-0.5572500228881836,-0.42063388228416443,-0.12290126085281372,-0.08347850292921066,0.43807148933410645,0.940711498260498
0.08,-0.5327496528625488,-0.5163717269897461,-0.18148908019065857,-0.03681349754333496,0.4092490077018738,0.9182329773902893
0.1,-0.5593804717063904,-0.6303516626358032,-0.20705467462539673,-0.05904799699783325,0.38847851753234863,0.9038369655609131
0.12,-0.600924551486969,-0.8188979029655457,-0.1346188187599182,-0.12010899931192398,0.4153490364551544,0.938027560710907
0.14,-0.6062507629394531,-0.8838770985603333,0.0027962366584688425,-0.11132500320672989,0.42754900455474854,0.9536740183830261
0.16,-0.6019898056983948,-0.7315487861633301,0.1849510818719864,-0.1205969974398613,0.4038504958152771,0.9031050205230713
0.18,-0.6019898056983948,-0.5525896549224854,0.4170387387275696,-0.1205969974398613,0.4038504958152771,0.9031050205230713
0.2,-0.4485962688922882,0.13634982705116272,0.5949326157569885,-0.1399035006761551,0.4173009693622589,0.9023730158805847
0.22,-0.3218335211277008,0.49639859795570374,0.35525521636009216,0.15860000252723694,0.33473750948905945,0.9077410101890564
0.24,-0.3932041525840759,0.46337637305259705,0.20306004583835602,0.15860000252723694,0.33473750948905945,0.9077410101890564
0.26,-0.7158365845680237,0.3930709958076477,0.0773625448346138,0.17619849741458893,0.28685250878334045,0.8259094953536987
0.28,-0.7137061357498169,0.31530898809432983,0.7121082544326782,0.04941000044345856,0.22676749527454376,0.8733064532279968
0.3,-0.576424241065979,0.2876129150390625,1.1710906028747559,-0.22246700525283813,0.29100051522254944,0.9986004829406738
0.32,-0.12583065032958984,-0.14367330074310303,0.8994561433792114,0.24900199472904205,0.24213948845863342,0.9910364747047424
0.34,-0.047003407031297684,-1.0287487506866455,0.1316894292831421,0.38185998797416687,0.33644551038742065,0.9727059602737427
0.36,0.2170412242412567,-2.820071220397949,0.4383433759212494,0.3320534825325012,0.21087700128555298,0.8427760004997253
0.38,0.5898727774620056,-3.641099691390991,1.5736154317855835,0.19355300068855286,0.09387899935245514,0.8410679697990417
0.4,0.29906415939331055,-4.283301830291748,2.698235273361206,0.019123500213027,-0.0727120041847229,0.8058710098266602
0.42,0.570698618888855,-6.109776973724365,3.7356390953063965,0.11196549981832504,-0.1345050036907196,0.6991209983825684
0.44,1.611164927482605,-6.902177333831787,4.040162563323975,0.2277435064315796,-0.2622694969177246,0.6537064909934998
0.46,2.2949113845825195,-7.9639482498168945,4.857063293457031,0.3054269850254059,-0.26910150051116943,0.737246036529541
0.48,2.4174132347106934,-7.913882255554199,5.554657459259033,0.08924300223588943,-0.5634570121765137,0.3581309914588928
0.5,1.8560353517532349,-6.457043170928955,6.77088737487793,0.32665500044822693,-0.6636189818382263,0.22768250107765198
0.52,1.9625587463378906,-5.644403457641602,7.349175930023193,0.5272229909896851,-0.8404580354690552,0.2811794877052307
0.54,2.725132465362549,-5.086354732513428,7.641981601715088,0.851377010345459,-1.0334315299987793,0.6172894835472107
0.56,4.1512131690979,-4.78489351272583,6.909367561340332,1.2641944885253906,-0.9716385006904602,0.5972815155982971
0.58,5.171440124511719,-4.100214958190918,6.319228649139404,1.5109089612960815,-0.937936007976532,0.5862710475921631
0.6,6.012840747833252,-2.2790660858154297,5.692072868347168,1.5372915267944336,-1.0947364568710327,0.5760229825973511
0.62,5.847729682922363,-0.39613354206085205,4.699408531188965,1.829206943511963,-1.04053795337677,0.19812799990177155
0.64,5.094743251800537,0.8158353567123413,3.423525810241699,2.0876333713531494,-0.805291473865509,-0.14435650408267975
0.66,3.3875741958618164,1.5262125730514526,1.4001156091690063,2.329223871231079,-0.37975549697875977,-0.6744160056114197
0.68,1.8220810890197754,1.367492914199829,-0.3146432042121887,2.297473669052124,-0.09445849806070328,-0.9636475443840027
0.7,0.5398068428039551,0.726355791091919,-2.0186166763305664,2.1152360439300537,-0.06661199778318405,-0.862509548664093
0.72,-0.235549658536911,0.20558997988700867,-3.50634765625,1.4337135553359985,-0.43056848645210266,-0.005093500018119812
0.74,-0.6030550599098206,0.4260932207107544,-4.027246475219727,1.4337135553359985,-0.43056848645210266,-0.005093500018119812
0.76,-0.9086437821388245,0.5912043452262878,-4.161332607269287,1.140578031539917,-0.4718655049800873,0.09845399856567383
0.78,-1.0833419561386108,0.28122150897979736,-3.6341755390167236,0.779061496257782,-0.5189880132675171,0.17418549954891205
0.8,-0.958709716796875,-0.5291544795036316,-2.432859182357788,0.3811279833316803,-0.5165480375289917,0.11019650101661682
0.82,-0.4848141670227051,-2.363086223602295,-1.044061541557312,-0.22124701738357544,-0.5446385145187378,0.33931249380111694
0.84,-0.3250292241573334,-3.5134048461914062,-0.18042384088039398,0.1139175072312355,-0.469913512468338,0.03812500089406967
0.86,-1.4901278018951416,-2.7870490550994873,0.4884093403816223,0.1139175072312355,-0.469913512468338,0.03812500089406967
0.88,-1.7436532974243164,-2.100106954574585,0.34460288286209106,0.9808189868927002,-0.5114240050315857,0.052551496773958206
0.9,-1.9693495035171509,-1.7826675176620483,0.2998631000518799,1.085373044013977,-0.5993555188179016,0.2816675007343292
0.92,-2.445375442504883,-2.484522819519043,0.5299534201622009,0.7331284880638123,-0.42666447162628174,-0.09207950532436371
0.94,-2.738314628601074,-2.447239637374878,0.8557815551757812,0.6132025122642517,-0.23564299941062927,-0.14655250310897827
0.96,-3.868260622024536,0.16191542148590088,1.8015753030776978,0.681095540523529,-0.5685809850692749,0.2887434959411621
0.98,-3.7862377166748047,1.0480561256408691,1.0773500204086304,1.4903825521469116,-0.4156844913959503,0.2577250003814697
1,-4.48809289932251,2.670006513595581,0.9324783682823181,1.431517481803894,-0.45036301016807556,-0.12285400182008743
1.02,-4.788488864898682,2.819139242172241,0.7898702621459961,0.9754509925842285,-0.5786154866218567,-0.11086750030517578
1.04,-4.542419910430908,2.3345913887023926,0.5981283187866211,0.9754509925842285,-0.5786154866218567,-0.11086750030517578
1.06,-3.4817142486572266,-0.7262226343154907,1.062436819076538,0.7873575091362,-1.0058289766311646,0.07917799800634384
1.08,-2.771336793899536,1.1833407878875732,1.1817429065704346,0.7873575091362,-1.0058289766311646,0.07917799800634384
1.1,-1.691456913948059,-0.1042596846818924,1.8495107889175415,0.923662006855011,-0.44109097123146057,-0.09403150528669357
1.12,-0.5220973491668701,-1.1745525598526,2.0539023876190186,0.9395524859428406,-0.2261269986629486,-0.24058398604393005
1.14,0.7058500051498413,0.07576470077037811,1.828206181526184,0.9593469500541687,-0.5114240050315857,-0.21029749512672424
1.16,1.4140968322753906,1.0736217498779297,1.690791130065918,0.686493992805481,-0.7043974995613098,-0.05346650257706642
1.18,1.325682520866394,0.09067796170711517,1.340462565422058,0.6969860196113586,-0.6753309965133667,-0.15899650752544403
1.2,1.160704493522644,-0.3268933892250061,1.0368711948394775,0.7873575091362,-0.6860975027084351,-0.3253434896469116
1.22,0.5760247707366943,-1.8433856964111328,0.35845091938972473,0.8088600039482117,-0.6704509854316711,-0.28261297941207886
1.24,0.2074541300535202,-2.429130792617798,0.20838621258735657,0.6679195165634155,-0.6067059636116028,-0.26916250586509705
1.26,-0.20146219432353973,-1.87747323513031,0.18708154559135437,0.8562569618225098,-0.5913034677505493,-0.4054670035839081
1.28,-0.22276686131954193,-1.8199505805969238,0.46177852153778076,0.6688954830169678,-0.7696369886398315,-0.14338049292564392
1.3,-0.1194392517209053,-1.765623688697815,0.15512455999851227,0.6613314747810364,-0.6687430143356323,-0.31582748889923096
1.32,-0.008655018173158169,0.5890738368034363,-0.05792204663157463,0.7204405069351196,-0.5329264998435974,-0.0903714969754219
1.34,-0.6455312371253967,1.660431981086731,0.20306004583835602,0.6969860196113586,-0.690245509147644,-0.13676200807094574
1.36,-0.9714925289154053,2.1279361248016357,0.06457975506782532,0.6869820356369019,-0.5451264977455139,-0.2718465030193329
1.38,-1.472018837928772,2.2078285217285156,-0.05153064802289009,0.6742634773254395,-0.5761449933052063,-0.5078250169754028
1.4,-1.4144963026046753,2.2610902786254883,-0.21238084137439728,0.6742634773254395,-0.5761449933052063,-0.5078250169754028
1.42,-1.1589735746383667,1.6753451824188232,-0.005725627299398184,0.7548750042915344,-0.5578449964523315,-0.36712849140167236
1.44,-0.7978595495223999,1.1694927215576172,-0.08455286920070648,0.7030860185623169,-0.6022834777832031,-0.07252899557352066
1.46,-0.19826649129390717,0.30252617597579956,-0.0003994623839389533,0.48860999941825867,-0.8700124621391296,-0.1357859969139099
1.48,0.3118469715118408,-0.11810771375894547,-0.08561810106039047,0.48860999941825867,-0.8700124621391296,-0.1357859969139099
1.5,0.8421998620033264,0.2119813710451126,-0.21770699322223663,0.7551190257072449,-0.6235420107841492,0.26162901520729065
1.52,1.0946600437164307,0.491072416305542,-0.21664176881313324,0.7377949953079224,-0.5297545194625854,-0.07374899834394455
1.54,0.1850842386484146,0.19919857382774353,-0.06537867337465286,0.6969860196113586,-0.7114735245704651,-0.39399898052215576
1.56,0.04553871229290962,-0.24700090289115906,-0.03768261894583702,0.9661790132522583,-0.6184179782867432,-0.2623305022716522
1.58,0.15632294118404388,-0.32263246178627014,-0.04620448127388954,0.833778440952301,-0.5038599967956543,-0.14362449944019318
1.6,-0.1194392517209053,-0.86150723695755,0.879216730594635,0.5003525018692017,-0.12547700107097626,-0.4333134889602661
1.62,0.23088926076889038,-0.1351514458656311,1.5981158018112183,0.567269504070282,0.6117385029792786,-0.022447999566793442
1.64,0.7484593391418457,-0.47176507115364075,1.361767292022705,0.681095540523529,0.3291254937648773,-0.1340779960155487
1.66,2.143648386001587,-2.405695676803589,2.416081666946411,0.3383975028991699,-0.7273640036582947,0.15390300750732422
1.68,2.2991724014282227,-2.052171468734741,2.5726709365844727,1.109559416770935,-2.879657506942749,-0.38225650787353516
1.7,0.6099790334701538,1.2525808811187744,1.9922521114349365,0.9559310078620911,-1.1309095621109009,-0.16607250273227692
1.72,-0.5870765447616577,0.47509393095970154,1.561897873878479,0.3611200153827667,-0.4506070017814636,-0.17586299777030945
1.74,-0.9374050498008728,-0.40891632437705994,1.512897253036499,0.5538495182991028,-0.9498920440673828,-0.14679649472236633
1.76,-0.3111811876296997,0.00226362026296556,1.5437889099121094,0.5885279774665833,-0.8744044899940491,-0.12334199994802475
1.78,0.1318225860595703,0.46231111884117126,1.3660281896591187,0.4844619929790497,-1.0063170194625854,-0.1614365130662918
1.8,-0.2696371078491211,0.2439383566379547,0.9335435628890991,0.40653449296951294,-0.9059415459632874,-0.24619601666927338
1.82,-0.8298165202140808,-0.36524176597595215,1.4873316287994385,0.3781999945640564,-1.047126054763794,-0.332907497882843
1.84,0.06364767253398895,-1.2011834383010864,3.208481788635254,0.43389299511909485,-0.9481840133666992,-0.08716899901628494
1.86,0.9423317909240723,-1.9041039943695068,4.8176493644714355,-0.07417599856853485,-0.8512245416641235,-0.26037850975990295
1.88,0.23195448517799377,-0.400394469499588,3.5566799640655518,-0.07417599856853485,-0.8512245416641235,-0.26037850975990295
1.9,-0.5583152770996094,-0.15326039493083954,1.9911868572235107,0.17790649831295013,-0.6557804942131042,-0.2244800180196762
1.92,-0.30692026019096375,0.40904948115348816,0.5416709780693054,0.29100051522254944,-0.8927350044250488,-0.1067194938659668
1.94,0.04447348043322563,0.4559197425842285,-0.0003994623839389533,-0.0055509996600449085,-0.9562360048294067,-0.22545598447322845
1.96,0.05512581020593643,-0.15326039493083954,-0.10266183316707611,-0.005307000130414963,-0.8944429755210876,-0.2823689877986908
1.98,0.03169068321585655,0.12143656611442566,-0.05685681104660034,0.03794199973344803,-0.9726144671440125,-0.2611105144023895
2,-0.10346075892448425,0.5656387209892273,0.012383334338665009,0.08018450438976288,-0.9897249937057495,-0.21151749789714813
2.02,-0.2057231217622757,0.5880086421966553,-0.02276935614645481,0.07432850450277328,-1.0007050037384033,-0.21566550433635712
2.04,-0.17589659988880157,0.4782896339893341,-0.14953207969665527,0.10071099549531937,-0.9564799666404724,-0.23375199735164642
2.06,-0.16950520873069763,0.4133104085922241,-0.30186042189598083,0.11342950165271759,-0.9244855046272278,-0.24814799427986145
2.08,-0.24513675272464752,0.4378107786178589,-0.6756240725517273,0.07847649604082108,-0.9611465334892273,-0.2215214967727661
2.1,-0.043807707726955414,-0.5536548495292664,-0.3242303133010864,0.20892499387264252,-1.1147749423980713,-0.3522140085697174
2.12,-0.23874534666538239,0.3845491111278534,0.02729659713804722,0.1688784956932068,-0.9105775356292725,-0.13383398950099945
2.14,-0.0001331541279796511,-0.1585865616798401,-0.09840089827775955,0.12782549858093262,-0.914481520652771,-0.3224155008792877
2.16,0.1009308323264122,-0.19373925030231476,-0.04833494871854782,0.11928550899028778,-0.9305854439735413,-0.24058398604393005
2.18,0.22662831842899323,-0.5696333646774292,-0.14314068853855133,0.10656700283288956,-0.9093575477600098,-0.2518385052680969
2.2,0.2287587970495224,-0.38548120856285095,-0.27736005187034607,0.06676450371742249,-0.9244855046272278,-0.20200151205062866
2.22,0.38534805178642273,-0.9009208083152771,-0.23901166021823883,0.06774049997329712,-0.8944429755210876,-0.24155999720096588
2.24,0.4726971685886383,-1.0191617012023926,-0.3242303133010864,0.060664497315883636,-0.8841949701309204,-0.21834948658943176
2.26,0.42689213156700134,-0.524893581867218,-0.391206830739975,0.060664497315883636,-0.8841949701309204,-0.21834948658943176
2.28,0.1328878253698349,-0.022236740216612816,-0.391206830739975,0.12196950614452362,-1.0524940490722656,-0.20029349625110626
2.3,0.010386021807789803,-0.1255643367767334,-0.30186042189598083,0.11342950165271759,-0.9735905528068542,-0.15875250101089478
2.32,0.03488638252019882,-0.17243459820747375,-0.19320663809776306,0.15079200267791748,-0.9386680126190186,-0.22618800401687622
2.34,0.1115831583738327,-0.1149120107293129,0.04114462435245514,0.18205450475215912,-0.9484279751777649,-0.21737349033355713
2.36,0.06151720881462097,-0.09467258304357529,0.8398030996322632,0.2568099796772003,-0.9748104810714722,-0.1819629967212677
2.38,0.10199606418609619,-0.9957265853881836,1.4065070152282715,0.09607499837875366,-0.944767951965332,-0.24229200184345245
2.4,0.18295377492904663,-1.4408608675003052,1.8090319633483887,0.09607499837875366,-0.944767951965332,-0.24229200184345245
2.42,0.13714875280857086,-1.4355345964431763,2.047511100769043,0.049897998571395874,-0.9887490272521973,-0.25058799982070923
2.44,-0.0555252730846405,-1.3087719678878784,2.3479068279266357,0.012535500340163708,-1.0331875085830688,-0.234484001994133
2.46,-0.3868127465248108,-1.266162633895874,2.5353877544403076,-0.042425502091646194,-1.0351394414901733,-0.20273350179195404
2.48,-0.7477935552597046,-1.1468565464019775,2.4427125453948975,-0.028273500502109528,-0.9193615317344666,-0.2269200086593628
2.5,-0.8415340781211853,-0.6974613070487976,2.295710325241089,-0.10568249225616455,-0.8174915313720703,-0.21298149228096008
2.52,-0.61250901222229,0.25991687178611755,1.5331366062164307,-0.23515498638153076,-0.9364719390869141,-0.1924550086259842
2.54,0.07110430300235748,0.8840102553367615,0.5981283187866211,-0.325282484292984,-0.9843264818191528,-0.13895800709724426
2.56,0.13927921652793884,-0.3375457227230072,0.19027724862098694,-0.45670703053474426,-0.9052095413208008,-0.32973548769950867
2.58,0.08708280324935913,-0.8071803450584412,-0.0611177459359169,-0.5341464877128601,-0.8272820115089417,-0.32631948590278625
2.6,-0.0033288532868027687,-0.7698971629142761,-0.1985328048467636,-0.45109498500823975,-0.8328940272331238,-0.25403448939323425
2.62,-0.0768299326300621,-0.5493939518928528,-0.3284912407398224,-0.3604795038700104,-0.8956630229949951,-0.21737349033355713
2.64,0.03275591507554054,-0.381220281124115,-0.10692276805639267,-0.3604795038700104,-0.8956630229949951,-0.21737349033355713
2.66,0.1126483902335167,-0.4877435564994812,-0.10585752874612808,-0.30649450421333313,-1.0292835235595703,-0.22740799188613892
2.68,0.15632294118404388,-0.7262226343154907,-0.24540305137634277,-0.34434500336647034,-0.8922470211982727,-0.30948349833488464
2.7,0.17230144143104553,-0.4142425060272217,-0.36364391446113586,-0.321866512298584,-0.8472899794578552,-0.21005350351333618
2.72,0.12330072373151779,-0.1468690037727356,-0.350861132144928,-0.26958951354026794,-0.921313464641571,-0.21371349692344666
2.74,0.00399462366476655,-0.27895790338516235,-0.13781452178955078,-0.26958951354026794,-0.921313464641571,-0.21371349692344666
2.76,-0.04593817517161369,-0.39932921528816223,-0.08987903594970703,-0.37341150641441345,-0.9174094796180725,-0.18220700323581696
2.78,-0.04274247586727142,-0.3705679476261139,-0.1250317245721817,-0.37341150641441345,-0.9174094796180725,-0.18220700323581696
2.8,0.10306129604578018,-0.047802332788705826,-0.18255430459976196,-0.3282409906387329,-0.9059415459632874,-0.09842350333929062
2.82,0.09134373068809509,0.2577863931655884,-0.32209983468055725,-0.20194049179553986,-0.9476959705352783,-0.22765198349952698
2.84,0.09347419440746307,0.19387240707874298,-0.1985328048467636,-0.1667739897966385,-1.0036330223083496,-0.2076134830713272
2.86,0.1328878253698349,0.10971900075674057,0.10505861043930054,-0.1667739897966385,-1.0036330223083496,-0.2076134830713272
2.88,0.12862688302993774,0.0555252730846405,0.10612384229898453,-0.20316050946712494,-0.9926530122756958,-0.2134695053100586
2.9,0.09986559301614761,0.040612008422613144,0.08588441461324692,-0.2576335072517395,-0.910333514213562,-0.22030149400234222
2.92,0.06045197322964668,0.07363422960042953,0.009187635034322739,-0.29280000925064087,-0.8685485124588013,-0.17293500900268555
2.94,0.0583215095102787,0.027829213067889214,-0.05259587988257408,-0.301858514547348,-0.8604965209960938,-0.15655648708343506
2.96,0.08388710021972656,-0.024367205798625946,-0.12290126085281372,-0.29524001479148865,-0.8778510093688965,-0.17342300713062286
2.98,0.09560466557741165,-0.048867564648389816,-0.1463363915681839,-0.31625449657440186,-0.9120414853096008,-0.1802549958229065
3,0.1115831583738327,-0.08188978582620621,-0.17083674669265747,-0.3245505094528198,-0.9452559351921082,-0.18586701154708862
3.02,0.15845340490341187,-0.1031944528222084,-0.17083674669265747,-0.2832840085029602,-0.991921067237854,-0.17244699597358704
3.04,0.18827994167804718,-0.010519175790250301,-0.08348763734102249,-0.2644655108451843,-1.0170835256576538,-0.14948049187660217
3.06,0.20958459377288818,0.09280842542648315,0.02197043038904667,-0.2525095045566559,-1.0173275470733643,-0.13261400163173676
3.08,0.19360610842704773,0.20452474057674408,0.03688369318842888,-0.19510850310325623,-0.9501360654830933,-0.16412049531936646
3.1,0.09240896254777908,0.13421936333179474,-0.01957365684211254,-0.19510850310325623,-0.9501360654830933,-0.16412049531936646
3.12,0.08069140464067459,0.03209014609456062,0.02303566411137581,-0.2021844983100891,-0.9357399940490723,-0.18391500413417816
3.14,0.16697527468204498,-0.19373925030231476,0.2679060995578766,-0.2898719906806946,-0.9938730001449585,-0.21273750066757202
3.16,0.14886631071567535,0.03954677656292915,-0.0238345880061388,-0.5270705223083496,-1.0111969709396362,-0.428677499294281
3.18,-0.0011983871227130294,0.10133028775453568,-0.06324820965528488,-0.18678200244903564,-0.8837069869041443,-0.20639349520206451
3.2,0.011451254598796368,-0.006258244160562754,-0.11011846363544464,-0.2366190105676651,-0.9098455309867859,-0.15728850662708282
3.22,0.00719032296910882,0.018242115154862404,-0.1037270650267601,-0.24762949347496033,-0.9376920461654663,-0.150456503033638
3.24,0.015712186694145203,0.011850717477500439,-0.07603100687265396,-0.25031349062919617,-0.9533079862594604,-0.17098300158977509
3.26,0.023168819025158882,-0.014780107885599136,-0.0611177459359169,-0.25494951009750366,-0.976518452167511,-0.1499684900045395
3.28,-0.026763979345560074,-0.015845341607928276,-0.08348763734102249,-0.24689750373363495,-0.9564799666404724,-0.14484450221061707
3.3,-0.047003407031297684,-0.029693370684981346,-0.08455286920070648,-0.2361309975385666,-0.9626104831695557,-0.1597284972667694
3.32,-0.05232957378029823,-0.09680305421352386,-0.08561810106039047,-0.23515498638153076,-0.9630984663963318,-0.15777650475502014
3.34,-0.0768299326300621,-0.1671084314584732,-0.08987903594970703,-0.23808300495147705,-0.96236652135849,-0.13017401099205017
3.36,-0.1205044835805893,-0.15006470680236816,-0.09946613013744354,-0.26788148283958435,-0.9555040001869202,-0.12968599796295166
3.38,-0.13328728079795837,-0.12982527911663055,-0.09627043455839157,-0.26251348853111267,-0.9469640254974365,-0.13261400163173676
3.4,-0.12263495475053787,-0.0925421193242073,-0.08881380409002304,-0.25568151473999023,-0.9540400505065918,-0.13163799047470093
3.42,-0.14607007801532745,-0.10212921351194382,-0.08881380409002304,-0.2500694990158081,-0.9516000151634216,-0.15118850767612457
3.44,-0.1418091505765915,-0.07762885838747025,-0.07390054315328598,-0.2500694990158081,-0.9516000151634216,-0.15118850767612457
3.46,-0.1300915777683258,-0.057389430701732635,-0.07496577501296997,-0.25665751099586487,-0.9396439790725708,-0.16875649988651276
3.48,-0.0981345921754837,-0.043541401624679565,-0.08455286920070648,-0.2593415081501007,-0.9247294664382935,-0.1802549958229065
3.5,-0.067242830991745,-0.033954303711652756,-0.07496577501296997,-0.2593415081501007,-0.9247294664382935,-0.1802549958229065
3.52,-0.036351077258586884,-0.008388710208237171,-0.05579157918691635,-0.25494951009750366,-0.9394000172615051,-0.18342699110507965
3.54,-0.006524552125483751,0.021437814459204674,-0.01957365684211254,-0.2424750030040741,-0.9430599808692932,-0.1802549958229065
3.56,0.015712186694145203,0.019307348877191544,0.004926702938973904,-0.2332030087709427,-0.9350079894065857,-0.1929430067539215
3.58,0.04127778112888336,0.011850717477500439,0.02197043038904667,-0.23393499851226807,-0.9398880004882812,-0.20029349625110626
3.6,0.07323476672172546,-0.011584409512579441,0.03794892504811287,-0.23442301154136658,-0.9352520108222961,-0.2054174840450287
3.62,0.07110430300235748,-0.019041040912270546,0.03794892504811287,-0.22685900330543518,-0.9384239912033081,-0.20614950358867645
3.64,0.07536523789167404,-0.037150003015995026,0.03901416063308716,-0.23173899948596954,-0.9335440397262573,-0.19635899364948273
3.66,0.06364767253398895,-0.048867564648389816,0.03794892504811287,-0.2424750030040741,-0.9457440376281738,-0.18757499754428864
3.68,0.04021254554390907,-0.041410934180021286,0.04966649040579796,-0.2534855008125305,-0.9533079862594604,-0.17757099866867065
3.7,0.018907885998487473,-0.030758604407310486,0.05925358831882477,-0.2639774978160858,-0.9501360654830933,-0.1621685028076172
3.72,-0.005459319334477186,-0.006258244160562754,0.05286218971014023,-0.2639774978160858,-0.9501360654830933,-0.1621685028076172
3.74,-0.04593817517161369,-0.009453942999243736,0.04114462435245514,-0.2593415081501007,-0.9364719390869141,-0.1568005084991455
3.76,-0.050199106335639954,0.057655736804008484,0.013448567129671574,-0.26617351174354553,-0.9423280358314514,-0.14216050505638123
3.78,-0.11304785311222076,0.03209014609456062,-0.011051792651414871,-0.28230801224708557,-0.9325680732727051,-0.1580204963684082
3.8,-0.10026505589485168,0.10133028775453568,-0.0003994623839389533,-0.28889599442481995,-0.9498920440673828,-0.14216050505638123
3.82,-0.054460037499666214,0.10439283400774002,-0.009986559860408306,-0.28889599442481995,-0.9498920440673828,-0.14216050505638123
3.84,-0.047003407031297684,0.12037133425474167,0.0027962366584688425,-0.2879199981689453,-0.9581879377365112,-0.14899249374866486
3.86,-0.023568280041217804,0.14380645751953125,0.01983996480703354,-0.28181999921798706,-0.9452559351921082,-0.15021249651908875
3.88,-0.019307348877191544,0.1715025156736374,0.03049229457974434,-0.28181999921798706,-0.9452559351921082,-0.15021249651908875
3.9,-0.020372580736875534,0.19600287079811096,0.03262276202440262,-0.269833505153656,-0.9408639669418335,-0.16070449352264404
3.92,-0.023568280041217804,0.20878566801548004,0.0347532257437706,-0.2605614960193634,-0.9394000172615051,-0.17195899784564972
3.94,-0.024633513763546944,0.2119813710451126,0.02623136341571808,-0.25031349062919617,-0.9430599808692932,-0.18611100316047668
3.96,-0.04274247586727142,0.21517707407474518,0.01770949922502041,-0.2510455250740051,-0.9391559958457947,-0.19196699559688568
3.98,-0.058720968663692474,0.20665520429611206,0.005991935729980469,-0.24909350275993347,-0.9389119744300842,-0.1912350058555603
4,-0.07043853402137756,0.18535055220127106,-0.00359516148455441,-0.2290550023317337,-0.9445239901542664,-0.20029349625110626
4.02,-0.067242830991745,0.1491326242685318,-0.008921326138079166,-0.2104804962873459,-0.9340320229530334,-0.20151349902153015
4.04,-0.047003407031297684,0.10545806586742401,-0.0014646954368799925,-0.1970604956150055,-0.9191175103187561,-0.2046855092048645
4.06,-0.016111649572849274,0.06937330216169357,0.014513799920678139,-0.18556199967861176,-0.9196054935455322,-0.20956549048423767
4.08,0.029560215771198273,0.018242115154862404,0.04647079110145569,-0.19437649846076965,-0.9196054935455322,-0.21590949594974518
4.1,0.07643046975135803,-0.028628136962652206,0.07523208111524582,-0.20438048243522644,-0.9313479661941528,-0.2163975089788437
4.12,0.12117026001214981,-0.060585130006074905,0.08588441461324692,-0.21292048692703247,-0.921313464641571,-0.21200551092624664
4.14,0.20425842702388763,-0.07869409024715424,0.098667211830616,-0.21194449067115784,-0.9110655188560486,-0.19907349348068237
4.16,0.2607157826423645,-0.1031944528222084,0.10612384229898453,-0.21831899881362915,-0.9108214974403381,-0.19858549535274506
4.18,0.28734660148620605,-0.052063263952732086,0.11890663951635361,-0.221002995967865,-0.944767951965332,-0.17976699769496918
4.2,0.15845340490341187,-0.09467258304357529,0.05179695412516594,-0.26153749227523804,-0.9857904314994812,-0.17366699874401093
4.22,0.04234301298856735,-0.09041165560483932,0.015579032711684704,-0.2769399881362915,-1.0204994678497314,-0.15118850767612457
4.24,-0.03954677656292915,-0.045671865344047546,0.0038614696823060513,-0.2769399881362915,-1.0204994678497314,-0.15118850767612457
4.26,-0.028894444927573204,-0.004127778112888336,-0.012117025442421436,-0.2857239842414856,-1.0170835256576538,-0.13334600627422333
4.28,-0.053394805639982224,-0.1042596846818924,-0.05472634732723236,-0.2862119972705841,-0.9887490272521973,-0.12993000447750092
4.3,-0.061916667968034744,-0.10106398165225983,-0.02170412242412567,-0.2954840064048767,-1.0121729373931885,-0.132858008146286
4.32,-0.034220609813928604,-0.08402025699615479,0.0027962366584688425,-0.2857239842414856,-0.95306396484375,-0.10037549585103989
4.34,0.021038351580500603,-0.10852061212062836,0.03368799388408661,-0.29401999711990356,-0.8663524389266968,-0.12504999339580536
4.36,0.07643046975135803,-0.12449911236763,0.05073172226548195,-0.28767600655555725,-0.8519564867019653,-0.14115400612354279
4.38,0.09240896254777908,-0.19373925030231476,0.03049229457974434,-0.28767600655555725,-0.8519564867019653,-0.14115400612354279
4.4,0.11371362209320068,-0.2011958807706833,0.02516612969338894,-0.2542175054550171,-0.8673285245895386,-0.14362449944019318
4.42,0.12649641931056976,-0.20332635939121246,0.000665770610794425,-0.2669054865837097,-0.9491599798202515,-0.1428924947977066
4.44,0.164844810962677,-0.07975932210683823,-0.03555215150117874,-0.3072265088558197,-0.9823745489120483,-0.14899249374866486
4.46,0.1968017965555191,-0.07656362652778625,-0.09413997083902359,-0.32333049178123474,-1.0014370679855347,-0.15070050954818726
4.48,0.2394111156463623,-0.011584409512579441,-0.11224892735481262,-0.32333049178123474,-1.0014370679855347,-0.15070050954818726
4.5,0.26604193449020386,-0.021171506494283676,-0.13994498550891876,-0.3399530053138733,-0.9821305274963379,-0.1294419914484024
4.52,-0.1524614691734314,-0.34393709897994995,0.11784140020608902,-0.2495815008878708,-0.9230215549468994,-0.05639450252056122
4.54,-0.2664414048194885,0.46231111884117126,0.008122402243316174,-0.2495815008878708,-0.9230215549468994,-0.05639450252056122
4.56,-0.20252743363380432,0.2226337045431137,-0.0003994623839389533,-0.3240624964237213,-0.9816425442695618,-0.12090200930833817
4.58,0.05619104206562042,0.20665520429611206,0.02516612969338894,-0.29182401299476624,-0.9716385006904602,-0.1546044945716858
4.6,0.10625699162483215,0.22156846523284912,0.05392742156982422,-0.27840399742126465,-0.9652945399284363,-0.17098300158977509
4.62,0.05938674136996269,0.2247641682624817,0.0454055592417717,-0.21609249711036682,-0.9552600383758545,-0.13456600904464722
4.64,-0.057655736804008484,0.18854624032974243,-0.005725627299398184,-0.21609249711036682,-0.9552600383758545,-0.13456600904464722
4.66,-0.09067796170711517,0.18322007358074188,-0.0238345880061388,-0.21880699694156647,-0.9193615317344666,-0.14533250033855438
4.68,-0.021437814459204674,0.10865376889705658,0.005991935729980469,-0.2114565074443817,-0.9537959694862366,-0.17830300331115723
4.7,0.10519175976514816,0.0555252730846405,0.06457975506782532,-0.2114565074443817,-0.9537959694862366,-0.17830300331115723
4.72,0.1339530497789383,-0.047802332788705826,0.11251524090766907,-0.215116485953331,-0.9547720551490784,-0.1697629988193512
4.74,0.10412652790546417,-0.022236740216612816,0.10825430601835251,-0.23173899948596954,-0.9415960311889648,-0.15728850662708282
4.76,0.07643046975135803,-0.029693370684981346,0.08375394344329834,-0.24271899461746216,-0.9247294664382935,-0.15314050018787384
4.78,0.05725627392530441,-0.047802332788705826,0.06244928762316704,-0.2617815136909485,-0.9249734878540039,-0.14484450221061707
4.8,0.03808208182454109,-0.059519894421100616,0.03688369318842888,-0.27718397974967957,-0.9323239326477051,-0.1404220014810562
4.82,0.022103585302829742,-0.059519894421100616,0.02197043038904667,-0.27251750230789185,-0.948915958404541,-0.12163399904966354
4.84,0.011451254598796368,-0.04993279650807381,0.02090519852936268,-0.25909748673439026,-0.9589504599571228,-0.1189500018954277
4.86,0.03382114693522453,-0.07443315535783768,0.02197043038904667,-0.25787749886512756,-0.9611465334892273,-0.1218779981136322
4.88,0.05086487531661987,-0.10106398165225983,0.011318100616335869,-0.2671494781970978,-0.9533079862594604,-0.12993000447750092
4.9,0.05512581020593643,-0.12876003980636597,-0.004660394508391619,-0.27007749676704407,-0.9523320198059082,-0.1340779960155487
4.92,0.05938674136996269,-0.15006470680236816,-0.008921326138079166,-0.27007749676704407,-0.9523320198059082,-0.1340779960155487
4.94,0.03595161437988281,-0.14793424308300018,-0.0185084231197834,-0.27718397974967957,-0.9415960311889648,-0.12114600092172623
4.96,0.022103585302829742,-0.0936073511838913,-0.01744319126009941,-0.2815759778022766,-0.937936007976532,-0.13627399504184723
4.98,0.008255556225776672,-0.09147688746452332,-0.0014646954368799925,-0.2786480188369751,-0.9384239912033081,-0.1265140026807785
5,-0.006524552125483751,-0.09147688746452332,-0.02276935614645481,-0.28133198618888855,-0.9220454692840576,-0.13749399781227112
5.02,-0.004394086077809334,-0.07443315535783768,-0.02489982172846794,-0.2745000123977661,-0.9235095381736755,-0.12675799429416656
5.04,-0.005459319334477186,-0.07017222791910172,-0.02916075475513935,-0.2745000123977661,-0.9235095381736755,-0.12675799429416656
5.06,-0.027829213067889214,-0.0829550251364708,-0.07070484012365341,-0.2705655097961426,-0.9261934757232666,-0.13212600350379944
5.08,-0.060851436108350754,-0.10639014840126038,-0.12077079713344574,-0.2630015015602112,-0.9203374981880188,-0.13749399781227112
5.1,-0.12370018661022186,-0.12236864119768143,-0.13994498550891876,-0.24592150747776031,-0.8714765310287476,-0.1323700100183487
5.12,-0.22809302806854248,-0.08934641629457474,-0.15166255831718445,-0.2510455250740051,-0.8565924763679504,-0.11577799916267395
5.14,-0.27389803528785706,-0.03928046673536301,-0.20172850787639618,-0.25860950350761414,-0.9266815185546875,-0.1248060017824173
5.16,-0.4954665005207062,-0.054193731397390366,-0.27949050068855286,-0.2534855008125305,-0.9648065567016602,-0.14606450498104095
5.18,-0.5828156471252441,0.32383084297180176,-0.21770699322223663,-0.2673934996128082,-1.083024501800537,-0.09183549880981445
5.2,-0.3346163332462311,0.23009033501148224,-0.04833494871854782,-0.2673934996128082,-1.083024501800537,-0.09183549880981445
5.22,-0.1631138026714325,0.067242830991745,0.0454055592417717,-0.24811750650405884,-0.8898069858551025,-0.12334199994802475
5.24,0.027429750189185143,-0.07549838721752167,0.06564498692750931,-0.24811750650405884,-0.8898069858551025,-0.12334199994802475
5.26,0.0902784988284111,-0.13302096724510193,0.03901416063308716,-0.23857101798057556,-0.884926974773407,-0.16021649539470673
5.28,0.0689738392829895,-0.13834713399410248,-0.01957365684211254,-0.24027900397777557,-0.9032270312309265,-0.1819629967212677
5.3,0.026364516466856003,-0.14154283702373505,-0.04833494871854782,-0.2500694990158081,-0.9345200061798096,-0.16582851111888885
5.32,0.011451254598796368,-0.15112993121147156,-0.06005251035094261,-0.252997487783432,-0.9516000151634216,-0.14728449285030365
5.34,0.026364516466856003,-0.1362166702747345,-0.04833494871854782,-0.2593415081501007,-0.96236652135849,-0.14508849382400513
5.36,0.03382114693522453,-0.08188978582620621,-0.02063889056444168,-0.2554375231266022,-0.9691985249519348,-0.1580204963684082
5.38,0.012516488321125507,-0.044606633484363556,-0.013182258233428001,-0.2508015036582947,-0.9574559926986694,-0.16460849344730377
5.4,-0.011850717477500439,-0.005193010903894901,-0.011051792651414871,-0.2669054865837097,-0.9464760422706604,-0.15704450011253357
5.42,-0.066177599132061,0.013981183059513569,-0.03022598661482334,-0.27007749676704407,-0.9537959694862366,-0.16314449906349182
5.44,0.00399462366476655,0.020372580736875534,0.02729659713804722,-0.25860950350761414,-0.9247294664382935,-0.13603000342845917
5.46,0.04127778112888336,0.018242115154862404,0.05073172226548195,-0.257145494222641,-0.9472079873085022,-0.16119250655174255
5.48,0.019973119720816612,0.0555252730846405,0.03049229457974434,-0.2542175054550171,-0.9413520693778992,-0.16119250655174255
5.5,-0.021437814459204674,0.06404713541269302,-0.014247491955757141,-0.2542175054550171,-0.9413520693778992,-0.16119250655174255
5.52,-0.03848154470324516,0.044872939586639404,-0.03448691964149475,-0.25738948583602905,-0.9564799666404724,-0.15436048805713654
5.54,-0.040612008422613144,0.008655018173158169,-0.04300878196954727,-0.23515498638153076,-0.9457440376281738,-0.1575324982404709
5.56,-0.017176883295178413,-0.017975807189941406,-0.04087831825017929,-0.23515498638153076,-0.9457440376281738,-0.1575324982404709
5.58,-0.03528584539890289,-0.03288906812667847,-0.06431344151496887,-0.2366190105676651,-0.933788001537323,-0.15582449734210968
5.6,-0.2057231217622757,-0.005193010903894901,-0.12396649271249771,-0.2551935017108917,-0.9880170226097107,-0.1614365130662918
5.62,-0.14607007801532745,0.025698747485876083,-0.07390054315328598,-0.2551935017108917,-0.9880170226097107,-0.1614365130662918
5.64,0.03595161437988281,-0.09786828607320786,-0.013182258233428001,-0.22002698481082916,-0.9535519480705261,-0.1260260045528412
5.66,0.022103585302829742,-0.06271559745073318,-0.01744319126009941,-0.23344700038433075,-0.9428160190582275,-0.16314449906349182
5.68,0.010386021807789803,-0.035019535571336746,-0.04194355010986328,-0.2554375231266022,-0.922777533531189,-0.16314449906349182
5.7,0.00719032296910882,-0.011584409512579441,-0.06324820965528488,-0.26495349407196045,-0.9354959726333618,-0.15436048805713654
5.72,0.00399462366476655,0.03209014609456062,-0.07496577501296997,-0.2798680067062378,-0.9579439759254456,-0.15192049741744995
5.74,-0.013981183059513569,0.050199106335639954,-0.08774857223033905,-0.2681255042552948,-0.9569680094718933,-0.1463085114955902
5.76,-0.04274247586727142,0.054460037499666214,-0.08987903594970703,-0.2508015036582947,-0.9587064981460571,-0.15143249928951263
5.78,-0.05232957378029823,0.03528584539890289,-0.05259587988257408,-0.21929500997066498,-0.9679784774780273,-0.16314449906349182
5.8,-0.021437814459204674,-0.006258244160562754,-0.006790860556066036,-0.19242450594902039,-0.9648065567016602,-0.1609485000371933
5.82,0.027429750189185143,-0.045671865344047546,0.0560578890144825,-0.17702199518680573,-0.9618784785270691,-0.1790349930524826
5.84,0.018907885998487473,-0.09786828607320786,0.05286218971014023,-0.1748259961605072,-0.9518439769744873,-0.1802549958229065
5.86,-0.04274247586727142,-0.10212921351194382,0.02836182899773121,-0.18897800147533417,-0.9281455278396606,-0.18342699110507965
5.88,-0.07256899774074554,-0.07869409024715424,-0.004660394508391619,-0.22344301640987396,-0.9193615317344666,-0.18586701154708862
5.9,-0.12156971544027328,-0.09786828607320786,-0.07709623873233795,-0.22344301640987396,-0.9193615317344666,-0.18586701154708862
5.92,-0.13861344754695892,-0.0829550251364708,-0.1143793985247612,-0.22515100240707397,-0.9352520108222961,-0.1790349930524826
5.94,-0.14393961429595947,-0.021171506494283676,-0.12290126085281372,-0.22515100240707397,-0.9352520108222961,-0.1790349930524826
5.96,-0.16098333895206451,0.061916667968034744,-0.13355359435081482,-0.22173500061035156,-0.9457440376281738,-0.17073900997638702
5.98,-0.19933173060417175,0.1501978635787964,-0.12929265201091766,-0.24174298346042633,-0.9618784785270691,-0.1672924906015396
6,-0.2142449915409088,0.26204732060432434,-0.10266183316707611,-0.24738550186157227,-0.9860649704933167,-0.17098300158977509
6.02,-0.17909230291843414,0.28441721200942993,-0.06750914454460144,-0.2332030087709427,-0.9616345167160034,-0.17952300608158112
6.04,-0.0768299326300621,0.1491326242685318,-0.006790860556066036,-0.22222298383712769,-0.944767951965332,-0.19269900023937225
6.06,0.022103585302829742,0.010785484686493874,0.02303566411137581,-0.2068205028772354,-0.9222895503044128,-0.19660300016403198
6.08,0.10945269465446472,-0.12876003980636597,0.04220985993742943,-0.2068205028772354,-0.9222895503044128,-0.19660300016403198
6.1,0.12649641931056976,-0.17136935889720917,0.04434032365679741,-0.20974849164485931,-0.9452559351921082,-0.20322149991989136
6.12,0.1222354918718338,-0.1788259893655777,0.04647079110145569,-0.20974849164485931,-0.9452559351921082,-0.20322149991989136
6.14,0.09666989743709564,-0.12662957608699799,0.04114462435245514,-0.21905101835727692,-0.9511120319366455,-0.19343100488185883
6.16,0.06790860742330551,-0.07762885838747025,0.0347532257437706,-0.22344301640987396,-0.9533079862594604,-0.18757499754428864
6.18,0.05086487531661987,-0.044606633484363556,0.03049229457974434,-0.20950450003147125,-0.955016016960144,-0.19785350561141968
6.2,0.015712186694145203,0.009720250964164734,0.013448567129671574,-0.21194449067115784,-0.9442799687385559,-0.1924550086259842
6.22,0.0061250897124409676,0.029959678649902344,0.011318100616335869,-0.21194449067115784,-0.9442799687385559,-0.1924550086259842
6.24,-0.008655018173158169,0.04274247586727142,0.005991935729980469,-0.21780049800872803,-0.9413520693778992,-0.19489499926567078
6.26,-0.0011983871227130294,0.041677240282297134,0.0038614696823060513,-0.21755650639533997,-0.9459880590438843,-0.19099099934101105
6.28,0.00399462366476655,0.03209014609456062,0.012383334338665009,-0.2185630053281784,-0.9415960311889648,-0.19099099934101105
6.3,0.026364516466856003,0.00226362026296556,0.01664426550269127,-0.21731248497962952,-0.9452559351921082,-0.19196699559688568
6.32,0.04979964345693588,-0.03608476743102074,0.02303566411137581,-0.2126764953136444,-0.94623202085495,-0.18806301057338715
6.34,0.07003907114267349,-0.048867564648389816,0.03368799388408661,-0.2143845111131668,-0.9428160190582275,-0.18928299844264984
6.36,0.07856093347072601,-0.050998032093048096,0.03901416063308716,-0.21414048969745636,-0.9428160190582275,-0.18757499754428864
6.38,0.08921326696872711,-0.043541401624679565,0.0454055592417717,-0.21706849336624146,-0.9364719390869141,-0.18903900682926178
6.4,0.08601756393909454,-0.035019535571336746,0.04647079110145569,-0.21584850549697876,-0.9391559958457947,-0.18733099102973938
6.42,0.0902784988284111,-0.028628136962652206,0.0454055592417717,-0.2143845111131668,-0.9394000172615051,-0.18391500413417816
6.44,0.08708280324935913,-0.022236740216612816,0.05073172226548195,-0.22075900435447693,-0.9450119733810425,-0.18391500413417816
6.46,0.08708280324935913,-0.021171506494283676,0.04647079110145569,-0.21658051013946533,-0.9394000172615051,-0.1778150051832199
6.48,0.09560466557741165,-0.023301972076296806,0.04647079110145569,-0.221002995967865,-0.9481840133666992,-0.17293500900268555
6.5,0.10412652790546417,-0.029693370684981346,0.04966649040579796,-0.23100700974464417,-0.9479399919509888,-0.16046050190925598
6.52,0.11690932512283325,-0.03288906812667847,0.05179695412516594,-0.23344700038433075,-0.95306396484375,-0.16656050086021423
6.54,0.12436595559120178,-0.044606633484363556,0.05712312087416649,-0.2366190105676651,-0.9472079873085022,-0.16192449629306793
6.56,0.1318225860595703,-0.047802332788705826,0.06244928762316704,-0.23515498638153076,-0.9476959705352783,-0.1609485000371933
6.58,0.14034445583820343,-0.04993279650807381,0.06990591436624527,-0.247141495347023,-0.9547720551490784,-0.14508849382400513
6.6,0.1541924774646759,-0.045671865344047546,0.08162347972393036,-0.247141495347023,-0.9547720551490784,-0.14508849382400513
6.62,0.16697527468204498,-0.04673709720373154,0.09014534205198288,-0.26129350066185,-0.9618784785270691,-0.12114600092172623
6.64,0.17017097771167755,-0.037150003015995026,0.10079767554998398,-0.26129350066185,-0.9618784785270691,-0.12114600092172623
6.66,0.16164910793304443,-0.024367205798625946,0.09760197252035141,-0.2644655108451843,-0.9745665192604065,-0.1160220056772232
6.68,0.1318225860595703,-0.010519175790250301,0.08588441461324692,-0.2576335072517395,-0.9679784774780273,-0.11699799448251724
6.7,0.11371362209320068,-0.0009320789249613881,0.06884068250656128,-0.2500694990158081,-0.9606585502624512,-0.102571502327919
6.72,0.08495233207941055,0.011850717477500439,0.04327509179711342,-0.2500694990158081,-0.9606585502624512,-0.102571502327919
6.74,0.06471290439367294,0.029959678649902344,0.02942706272006035,-0.2534855008125305,-0.959926426410675,-0.10354749113321304
6.76,0.04979964345693588,0.037416309118270874,0.02303566411137581,-0.25690150260925293,-0.9611465334892273,-0.10232749581336975
6.78,0.04447348043322563,0.03954677656292915,0.02516612969338894,-0.2686135172843933,-0.9604145288467407,-0.10647550225257874
6.8,0.04873441159725189,0.04274247586727142,0.02729659713804722,-0.265685498714447,-0.9574559926986694,-0.08668100088834763
6.82,0.05512581020593643,0.040612008422613144,0.01983996480703354,-0.265685498714447,-0.9574559926986694,-0.08668100088834763
6.84,0.05512581020593643,0.03528584539890289,-0.0003994623839389533,-0.2644655108451843,-0.9609025120735168,-0.093299500644207
6.86,0.0476691760122776,0.028894444927573204,-0.015312724746763706,-0.2644655108451843,-0.9609025120735168,-0.093299500644207
6.88,0.03382114693522453,0.026763979345560074,-0.02809552103281021,-0.26910150051116943,-0.9816425442695618,-0.09256749600172043
6.9,0.019973119720816612,0.025698747485876083,-0.03235645219683647,-0.2715415060520172,-0.9772504568099976,-0.0903714969754219
6.92,0.013581721112132072,0.020372580736875534,-0.03555215150117874,-0.2669054865837097,-0.9713944792747498,-0.08668100088834763
6.94,0.00399462366476655,0.011850717477500439,-0.03448691964149475,-0.2659294903278351,-0.9533079862594604,-0.08939550071954727
6.96,-0.008655018173158169,0.010785484686493874,-0.03022598661482334,-0.2659294903278351,-0.9533079862594604,-0.08939550071954727
6.98,-0.017176883295178413,0.007589785382151604,-0.02703028731048107,-0.2512895166873932,-0.9357399940490723,-0.09549549967050552
7,-0.022503048181533813,-0.0030625448562204838,-0.03448691964149475,-0.2512895166873932,-0.9357399940490723,-0.09549549967050552
7.02,-0.031024912372231483,-0.001997311832383275,-0.04194355010986328,-0.2554375231266022,-0.9315919876098633,-0.09451950341463089
7.04,-0.03528584539890289,-0.0030625448562204838,-0.04726971685886383,-0.2554375231266022,-0.9315919876098633,-0.09451950341463089
7.06,-0.037416309118270874,-0.0009320789249613881,-0.04940018057823181,-0.2593415081501007,-0.9357399940490723,-0.09573949873447418
7.08,-0.03848154470324516,-0.0009320789249613881,-0.05366111174225807,-0.2598295211791992,-0.9389119744300842,-0.09671550244092941
7.1,-0.041677240282297134,-0.004127778112888336,-0.05685681104660034,-0.25665751099586487,-0.9472079873085022,-0.0950075015425682
7.12,-0.043807707726955414,-0.006258244160562754,-0.06431344151496887,-0.2559255063533783,-0.9484279751777649,-0.09647150337696075
7.14,-0.048068638890981674,-0.015845341607928276,-0.06431344151496887,-0.2559255063533783,-0.9484279751777649,-0.09647150337696075
7.16,-0.050199106335639954,-0.024367205798625946,-0.06005251035094261,-0.2522655129432678,-0.9435479640960693,-0.09647150337696075
7.18,-0.044872939586639404,-0.027562905102968216,-0.04726971685886383,-0.257145494222641,-0.9369600415229797,-0.09183549880981445
7.2,-0.044872939586639404,-0.019041040912270546,-0.03235645219683647,-0.25690150260925293,-0.9340320229530334,-0.093299500644207
7.22,-0.0555252730846405,-0.014780107885599136,-0.02489982172846794,-0.25958549976348877,-0.9305854439735413,-0.09476349502801895
7.24,-0.06298190355300903,-0.0009320789249613881,-0.012117025442421436,-0.26031750440597534,-0.9305854439735413,-0.09451950341463089
7.26,-0.061916667968034744,0.004394086077809334,-0.009986559860408306,-0.2583654820919037,-0.9357399940490723,-0.09256749600172043
7.28,-0.061916667968034744,0.007589785382151604,-0.011051792651414871,-0.25787749886512756,-0.9520879983901978,-0.09427550435066223
7.3,-0.06298190355300903,0.028894444927573204,-0.013182258233428001,-0.25787749886512756,-0.9520879983901978,-0.09427550435066223
7.32,-0.06298190355300903,0.04274247586727142,-0.011051792651414871,-0.2659294903278351,-0.9696865081787109,-0.09817949682474136
7.34,-0.057655736804008484,0.054460037499666214,-0.007856093347072601,-0.2659294903278351,-0.9696865081787109,-0.09817949682474136
7.36,-0.05232957378029823,0.07150376588106155,-0.00359516148455441,-0.2681255042552948,-0.9677344560623169,-0.09232349693775177
7.38,-0.047003407031297684,0.09600412845611572,-0.0003994623839389533,-0.2693455219268799,-0.9762744903564453,-0.1008635014295578
7.4,-0.050199106335639954,0.11397993564605713,0.007057168986648321,-0.2669054865837097,-0.9691985249519348,-0.11403950303792953
7.42,-0.048068638890981674,0.10239552706480026,-0.0003994623839389533,-0.24982549250125885,-0.9469640254974365,-0.10501150041818619
7.44,-0.04274247586727142,0.09280842542648315,-0.02063889056444168,-0.23857101798057556,-0.933788001537323,-0.10452349483966827
7.46,-0.053394805639982224,0.0874822586774826,-0.03235645219683647,-0.22759099304676056,-0.940619945526123,-0.12407399713993073
7.48,-0.07469946891069412,0.08641702681779861,-0.04407401755452156,-0.22222298383712769,-0.9616345167160034,-0.14508849382400513
7.5,-0.1311568170785904,0.0991998240351677,-0.05898727849125862,-0.2114565074443817,-0.9816425442695618,-0.1685125082731247
7.52,-0.17057043313980103,0.10865376889705658,-0.07070484012365341,-0.203404501080513,-1.0002169609069824,-0.17708300054073334
7.54,-0.19080986082553864,0.11504516750574112,-0.08135717362165451,-0.20779651403427124,-1.0036330223083496,-0.1743989884853363
7.56,-0.1822880059480667,0.10545806586742401,-0.07283531129360199,-0.2143845111131668,-0.984814465045929,-0.16119250655174255
7.58,-0.13754820823669434,0.07896039634943008,-0.05792204663157463,-0.20608849823474884,-0.9415960311889648,-0.15533649921417236
7.6,-0.07363422960042953,0.00226362026296556,-0.04194355010986328,-0.20096451044082642,-0.9328120350837708,-0.156312495470047
7.62,-0.041677240282297134,-0.033954303711652756,-0.03768261894583702,-0.1987685114145279,-0.9347639679908752,-0.15094450116157532
7.64,-0.025698747485876083,-0.04993279650807381,-0.04087831825017929,-0.2063324898481369,-0.9479399919509888,-0.1638765037059784
7.66,-0.03209014609456062,-0.06697652488946915,-0.03342168778181076,-0.20486849546432495,-0.9533079862594604,-0.17122700810432434
7.68,-0.04593817517161369,-0.059519894421100616,-0.0238345880061388,-0.20194049179553986,-0.9609025120735168,-0.17927899956703186
7.7,-0.06830807030200958,-0.028628136962652206,-0.015312724746763706,-0.20120850205421448,-0.9630984663963318,-0.19562700390815735
7.72,-0.07043853402137756,-0.017975807189941406,-0.009986559860408306,-0.20242848992347717,-0.95306396484375,-0.20053750276565552
7.74,-0.0768299326300621,-0.001997311832383275,-0.006790860556066036,-0.19779250025749207,-0.9459880590438843,-0.1958709955215454
7.76,-0.08428656309843063,0.016111649572849274,-0.01957365684211254,-0.19632850587368011,-0.9413520693778992,-0.1971215009689331
7.78,-0.09067796170711517,0.020372580736875534,-0.03555215150117874,-0.19559650123119354,-0.9386680126190186,-0.19931749999523163
7.8,-0.08961272984743118,0.029959678649902344,-0.04726971685886383,-0.19486449658870697,-0.9455000758171082,-0.19074700772762299
7.82,-0.08215609937906265,0.040612008422613144,-0.05259587988257408,-0.19852450489997864,-0.9581879377365112,-0.19907349348068237
7.84,-0.08215609937906265,0.037416309118270874,-0.04833494871854782,-0.19803649187088013,-0.9596824645996094,-0.1971215009689331
7.86,-0.08215609937906265,0.031024912372231483,-0.04194355010986328,-0.20364850759506226,-0.9604145288467407,-0.19465100765228271
7.88,-0.08322133123874664,0.031024912372231483,-0.03448691964149475,-0.19364449381828308,-0.955016016960144,-0.19760949909687042
7.9,-0.0874822586774826,0.034220609813928604,-0.03129122033715248,-0.19632850587368011,-0.9511120319366455,-0.19687749445438385
7.92,-0.08854749798774719,0.036351077258586884,-0.02703028731048107,-0.19486449658870697,-0.9467200040817261,-0.19956150650978088
7.94,-0.0874822586774826,0.04274247586727142,-0.02276935614645481,-0.19486449658870697,-0.9467200040817261,-0.19956150650978088
7.96,-0.08428656309843063,0.03954677656292915,-0.02916075475513935,-0.19218049943447113,-0.9469640254974365,-0.1988295018672943
7.98,-0.08322133123874664,0.036351077258586884,-0.02916075475513935,-0.19092999398708344,-0.9413520693778992,-0.2017575055360794
8,-0.07576470077037811,0.04274247586727142,-0.03022598661482334,-0.19092999398708344,-0.9413520693778992,-0.2017575055360794
8.02,-0.07256899774074554,0.037416309118270874,-0.03022598661482334,-0.19632850587368011,-0.9442799687385559,-0.20444151759147644
8.04,-0.06298190355300903,0.027829213067889214,-0.02489982172846794,-0.19632850587368011,-0.9442799687385559,-0.20444151759147644
8.06,-0.05232957378029823,0.012915950268507004,-0.02170412242412567,-0.19364449381828308,-0.9450119733810425,-0.2046855092048645
8.08,-0.041677240282297134,0.004394086077809334,-0.013182258233428001,-0.19144849479198456,-0.9437919855117798,-0.2029774934053421
8.1,-0.03954677656292915,-0.0009320789249613881,-0.012117025442421436,-0.19144849479198456,-0.94623202085495,-0.204197496175766
8.12,-0.037416309118270874,-0.004127778112888336,-0.00359516148455441,-0.19608449935913086,-0.9403759837150574,-0.211029514670372
8.14,-0.03528584539890289,-0.008388710208237171,-0.0014646954368799925,-0.19608449935913086,-0.9403759837150574,-0.211029514670372
8.16,-0.029959678649902344,-0.012649642303586006,0.0017310036346316338,-0.19510850310325623,-0.9367160201072693,-0.21444550156593323
8.18,-0.029959678649902344,-0.015845341607928276,0.0017310036346316338,-0.19510850310325623,-0.9367160201072693,-0.21444550156593323
8.2,-0.03528584539890289,-0.015845341607928276,0.007057168986648321,-0.19779250025749207,-0.9445239901542664,-0.21273750066757202
8.22,-0.040612008422613144,-0.021171506494283676,0.009187635034322739,-0.19779250025749207,-0.9445239901542664,-0.21273750066757202
8.24,-0.04274247586727142,-0.019041040912270546,0.009187635034322739,-0.19925649464130402,-0.94623202085495,-0.21127350628376007
8.26,-0.040612008422613144,-0.012649642303586006,0.005991935729980469,-0.19950050115585327,-0.9450119733810425,-0.21200551092624664
8.28,-0.044872939586639404,-0.0030625448562204838,0.0038614696823060513,-0.20096451044082642,-0.944767951965332,-0.2198135107755661
8.3,-0.044872939586639404,0.0033288532868027687,0.0017310036346316338,-0.20096451044082642,-0.944767951965332,-0.2198135107755661
8.32,-0.047003407031297684,0.007589785382151604,-0.006790860556066036,-0.20267249643802643,-0.9413520693778992,-0.22371749579906464
8.34,-0.051264338195323944,0.011850717477500439,-0.005725627299398184,-0.19266849756240845,-0.9459880590438843,-0.2257000058889389
8.36,-0.04913387447595596,0.015046416781842709,-0.00359516148455441,-0.19803649187088013,-0.9433040022850037,-0.22005750238895416
8.38,-0.03528584539890289,0.011850717477500439,0.0027962366584688425,-0.19803649187088013,-0.9433040022850037,-0.22005750238895416
8.4,-0.031024912372231483,0.006524552125483751,0.000665770610794425,-0.19632850587368011,-0.9413520693778992,-0.22225350141525269
8.42,-0.033155377954244614,0.00226362026296556,0.000665770610794425,-0.19218049943447113,-0.9403759837150574,-0.22298550605773926
8.44,-0.022503048181533813,0.0001331541279796511,0.000665770610794425,-0.19437649846076965,-0.9396439790725708,-0.22127750515937805
8.46,-0.021437814459204674,-0.001997311832383275,0.0017310036346316338,-0.1958404928445816,-0.9364719390869141,-0.22472400963306427
8.48,-0.013981183059513569,-0.007323476951569319,0.0017310036346316338,-0.19632850587368011,-0.937936007976532,-0.2252119928598404
8.5,-0.00226362026296556,-0.009453942999243736,0.0027962366584688425,-0.19657249748706818,-0.9347639679908752,-0.21737349033355713
8.52,0.00719032296910882,-0.011584409512579441,0.004926702938973904,-0.1970604956150055,-0.9364719390869141,-0.22545598447322845
8.54,0.013581721112132072,-0.007323476951569319,0.004926702938973904,-0.1941325068473816,-0.9389119744300842,-0.2163975089788437
8.56,0.022103585302829742,-0.010519175790250301,0.011318100616335869,-0.203404501080513,-0.9398880004882812,-0.2151774913072586
8.58,0.029560215771198273,-0.013714875094592571,0.01983996480703354,-0.20194049179553986,-0.9433040022850037,-0.2105415016412735
8.6,0.03595161437988281,-0.008388710208237171,0.02303566411137581,-0.20194049179553986,-0.9415960311889648,-0.2134695053100586
8.62,0.04553871229290962,-0.009453942999243736,0.02729659713804722,-0.20120850205421448,-0.940619945526123,-0.20858949422836304
8.64,0.06045197322964668,-0.011584409512579441,0.03368799388408661,-0.20145249366760254,-0.9440360069274902,-0.20858949422836304
8.66,0.0689738392829895,-0.012649642303586006,0.03581846132874489,-0.20486849546432495,-0.9391559958457947,-0.20224550366401672
8.68,0.07110430300235748,-0.012649642303586006,0.03901416063308716,-0.20438048243522644,-0.9398880004882812,-0.19956150650978088
8.7,0.07962616533041,-0.010519175790250301,0.04007939249277115,-0.2068205028772354,-0.9450119733810425,-0.198341503739357
8.72,0.08601756393909454,-0.006258244160562754,0.04434032365679741,-0.20974849164485931,-0.942084014415741,-0.19562700390815735
8.74,0.09453943371772766,-0.008388710208237171,0.0454055592417717,-0.20877251029014587,-0.9401319622993469,-0.1958709955215454
8.76,0.10199606418609619,-0.010519175790250301,0.04860125854611397,-0.20730850100517273,-0.9450119733810425,-0.1853789985179901
8.78,0.11051792651414871,-0.016910573467612267,0.05286218971014023,-0.20779651403427124,-0.9433040022850037,-0.18708699941635132
8.8,0.1126483902335167,-0.012649642303586006,0.05392742156982422,-0.21929500997066498,-0.9518439769744873,-0.1836709976196289
8.82,0.10945269465446472,-0.015845341607928276,0.06351451575756073,-0.2244189828634262,-0.9508680105209351,-0.1790349930524826
8.84,0.1126483902335167,-0.016910573467612267,0.06777545064687729,-0.2244189828634262,-0.9508680105209351,-0.1790349930524826
8.86,0.10412652790546417,-0.023301972076296806,0.06351451575756073,-0.2244189828634262,-0.9523320198059082,-0.1778150051832199
8.88,0.08708280324935913,-0.014780107885599136,0.05073172226548195,-0.21780049800872803,-0.9662705063819885,-0.18245099484920502
8.9,0.06471290439367294,-0.011584409512579441,0.04114462435245514,-0.21780049800872803,-0.9662705063819885,-0.18245099484920502
8.92,0.04660394415259361,-0.007323476951569319,0.03688369318842888,-0.21953900158405304,-0.96236652135849,-0.17708300054073334
8.94,0.03595161437988281,-0.004127778112888336,0.03262276202440262,-0.23173899948596954,-0.9557480216026306,-0.16802451014518738
8.96,0.029560215771198273,-0.014780107885599136,0.02623136341571808,-0.23003101348876953,-0.9596824645996094,-0.16704849898815155
8.98,0.028494983911514282,-0.023301972076296806,0.01877473294734955,-0.2319829910993576,-0.955016016960144,-0.15826450288295746
9,0.029560215771198273,-0.025432437658309937,0.01664426550269127,-0.22978699207305908,-0.9564799666404724,-0.150456503033638
9.02,0.03275591507554054,-0.031823836266994476,0.02090519852936268,-0.23735098540782928,-0.9533079862594604,-0.1492365002632141
9.04,0.04021254554390907,-0.038215234875679016,0.02942706272006035,-0.23735098540782928,-0.9533079862594604,-0.1492365002632141
9.06,0.0476691760122776,-0.038215234875679016,0.03155753016471863,-0.23637501895427704,-0.9511120319366455,-0.14338049292564392
9.08,0.04979964345693588,-0.033954303711652756,0.03368799388408661,-0.2366190105676651,-0.9496479630470276,-0.14557649195194244
9.1,0.04660394415259361,-0.033954303711652756,0.03368799388408661,-0.23710699379444122,-0.9481840133666992,-0.14066599309444427
9.12,0.03914731368422508,-0.029693370684981346,0.03155753016471863,-0.24982549250125885,-0.95306396484375,-0.1441124975681305
9.14,0.027429750189185143,-0.013714875094592571,0.02516612969338894,-0.24982549250125885,-0.95306396484375,-0.1441124975681305
9.16,0.022103585302829742,-0.001997311832383275,0.02410089783370495,-0.24787351489067078,-0.95306396484375,-0.1458204984664917
9.18,0.017842652276158333,0.009720250964164734,0.015579032711684704,-0.24762949347496033,-0.948915958404541,-0.14777249097824097
9.2,0.014646953903138638,0.013981183059513569,0.011318100616335869,-0.25031349062919617,-0.9418400526046753,-0.14801649749279022
9.22,0.00719032296910882,0.020372580736875534,0.0027962366584688425,-0.2424750030040741,-0.9415960311889648,-0.14115400612354279
9.24,0.0050598569214344025,0.020372580736875534,-0.005725627299398184,-0.2378389984369278,-0.9464760422706604,-0.14679649472236633
9.26,-0.004394086077809334,0.024633513763546944,-0.009986559860408306,-0.23905900120735168,-0.9506240487098694,-0.1470405012369156
9.28,-0.007589785382151604,0.027829213067889214,-0.004660394508391619,-0.24491499364376068,-0.9501360654830933,-0.1463085114955902
9.3,-0.008655018173158169,0.025698747485876083,-0.0025299284607172012,-0.24223099648952484,-0.9513559937477112,-0.150456503033638
9.32,-0.011850717477500439,0.024633513763546944,-0.005725627299398184,-0.24052299559116364,-0.9506240487098694,-0.14484450221061707
9.34,-0.008655018173158169,0.023568280041217804,-0.004660394508391619,-0.24003499746322632,-0.9481840133666992,-0.14508849382400513
9.36,-0.013981183059513569,0.018242115154862404,-0.007856093347072601,-0.24149899184703827,-0.9435479640960693,-0.14850451052188873
9.38,-0.017176883295178413,0.019307348877191544,-0.011051792651414871,-0.24027900397777557,-0.9506240487098694,-0.13749399781227112
9.4,-0.020372580736875534,0.020372580736875534,-0.015312724746763706,-0.24149899184703827,-0.9540400505065918,-0.14508849382400513
9.42,-0.024633513763546944,0.023568280041217804,-0.015312724746763706,-0.24223099648952484,-0.960170567035675,-0.1470405012369156
9.44,-0.033155377954244614,0.022503048181533813,-0.01957365684211254,-0.23759500682353973,-0.9587064981460571,-0.14655250310897827
9.46,-0.034220609813928604,0.013981183059513569,-0.02170412242412567,-0.24052299559116364,-0.9552600383758545,-0.14655250310897827
9.48,-0.03528584539890289,0.013981183059513569,-0.02063889056444168,-0.2395469844341278,-0.955016016960144,-0.14777249097824097
9.5,-0.03528584539890289,0.010785484686493874,-0.0185084231197834,-0.23808300495147705,-0.9481840133666992,-0.14728449285030365
9.52,-0.029959678649902344,0.007589785382151604,-0.0185084231197834,-0.2366190105676651,-0.9445239901542664,-0.1487485021352768
9.54,-0.037416309118270874,0.006524552125483751,-0.02063889056444168,-0.23417900502681732,-0.9506240487098694,-0.15021249651908875
9.56,-0.036351077258586884,0.007589785382151604,-0.02170412242412567,-0.2332030087709427,-0.9498920440673828,-0.1550925076007843
9.58,-0.036351077258586884,0.009720250964164734,-0.03022598661482334,-0.23515498638153076,-0.9457440376281738,-0.15704450011253357
9.6,-0.034220609813928604,0.009720250964164734,-0.03022598661482334,-0.23003101348876953,-0.9525759816169739,-0.1580204963684082
9.62,-0.036351077258586884,0.010785484686493874,-0.03448691964149475,-0.2319829910993576,-0.9589504599571228,-0.15997250378131866
9.64,-0.03528584539890289,0.011850717477500439,-0.03235645219683647,-0.23051899671554565,-0.9576999545097351,-0.16046050190925598
9.66,-0.044872939586639404,0.013981183059513569,-0.02596505545079708,-0.2302750051021576,-0.9581879377365112,-0.1568005084991455
9.68,-0.057655736804008484,0.020372580736875534,-0.03235645219683647,-0.2231989949941635,-0.957211971282959,-0.1626565009355545
9.7,-0.066177599132061,0.028894444927573204,-0.03661738336086273,-0.21755650639533997,-0.9581879377365112,-0.17220298945903778
9.72,-0.07469946891069412,0.034220609813928604,-0.04194355010986328,-0.21487249433994293,-0.9626104831695557,-0.17098300158977509
9.74,-0.08215609937906265,0.041677240282297134,-0.04194355010986328,-0.2168245017528534,-0.9520879983901978,-0.18001100420951843
9.76,-0.08428656309843063,0.04913387447595596,-0.04513924941420555,-0.2168245017528534,-0.9520879983901978,-0.18001100420951843
9.78,-0.08854749798774719,0.058720968663692474,-0.04726971685886383,-0.21121250092983246,-0.9498920440673828,-0.18464699387550354
9.8,-0.08961272984743118,0.06937330216169357,-0.04407401755452156,-0.20828449726104736,-0.9498920440673828,-0.19318699836730957
9.82,-0.08428656309843063,0.08109086751937866,-0.04513924941420555,-0.20608849823474884,-0.9511120319366455,-0.18440300226211548
9.84,-0.08322133123874664,0.0778951644897461,-0.04940018057823181,-0.20364850759506226,-0.948915958404541,-0.19221100211143494
9.86,-0.0768299326300621,0.07576470077037811,-0.0504654161632061,-0.20364850759506226,-0.948915958404541,-0.19221100211143494
9.88,-0.0768299326300621,0.07363422960042953,-0.05366111174225807,-0.20242848992347717,-0.9459880590438843,-0.2000495046377182
9.9,-0.07576470077037811,0.067242830991745,-0.05153064802289009,-0.1975484937429428,-0.948915958404541,-0.2012694925069809
9.92,-0.07469946891069412,0.06937330216169357,-0.04833494871854782,-0.19730450212955475,-0.9484279751777649,-0.2046855092048645
9.94,-0.07469946891069412,0.05978620424866676,-0.04300878196954727,-0.19388850033283234,-0.9484279751777649,-0.2088335156440735
9.96,-0.06511236727237701,0.050199106335639954,-0.03661738336086273,-0.19218049943447113,-0.9516000151634216,-0.20517349243164062
9.98,-0.057655736804008484,0.043807707726955414,-0.03448691964149475,-0.18849000334739685,-0.9486719965934753,-0.2088335156440735
10,-0.047003407031297684,0.027829213067889214,-0.03235645219683647,-0.1916925013065338,-0.944767951965332,-0.21151749789714813
10.02,-0.043807707726955414,0.020372580736875534,-0.02809552103281021,-0.18922200798988342,-0.9452559351921082,-0.21590949594974518
10.04,-0.04274247586727142,0.012915950268507004,-0.02809552103281021,-0.18678200244903564,-0.9437919855117798,-0.2105415016412735
10.06,-0.03954677656292915,0.007589785382151604,-0.02596505545079708,-0.18751400709152222,-0.9457440376281738,-0.21566550433635712
10.08,-0.03848154470324516,0.004394086077809334,-0.02809552103281021,-0.18458600342273712,-0.9481840133666992,-0.21956948935985565
10.1,-0.041677240282297134,-0.001997311832383275,-0.03129122033715248,-0.18507400155067444,-0.9503800272941589,-0.22005750238895416
10.12,-0.040612008422613144,-0.005193010903894901,-0.02596505545079708,-0.185806006193161,-0.9455000758171082,-0.216885507106781
10.14,-0.041677240282297134,-0.008388710208237171,-0.02809552103281021,-0.18507400155067444,-0.9452559351921082,-0.21371349692344666
10.16,-0.036351077258586884,-0.014780107885599136,-0.02489982172846794,-0.18727000057697296,-0.940619945526123,-0.2181054949760437
10.18,-0.033155377954244614,-0.019041040912270546,-0.01637795753777027,-0.18800200521945953,-0.9425719976425171,-0.2163975089788437
10.2,-0.028894444927573204,-0.017975807189941406,-0.011051792651414871,-0.19144849479198456,-0.9433040022850037,-0.2198135107755661
10.22,-0.018242115154862404,-0.017975807189941406,-0.006790860556066036,-0.19266849756240845,-0.944767951965332,-0.21786150336265564
10.24,-0.012915950268507004,-0.025432437658309937,-0.007856093347072601,-0.18800200521945953,-0.9494039416313171,-0.2193254977464676
10.26,-0.010785484686493874,-0.025432437658309937,-0.012117025442421436,-0.18800200521945953,-0.9452559351921082,-0.2193254977464676
10.28,-0.010785484686493874,-0.024367205798625946,-0.012117025442421436,-0.18946599960327148,-0.94623202085495,-0.22200950980186462
10.3,-0.012915950268507004,-0.025432437658309937,-0.01637795753777027,-0.185806006193161,-0.9440360069274902,-0.2198135107755661
10.32,-0.010785484686493874,-0.026497671380639076,-0.007856093347072601,-0.1912045031785965,-0.9469640254974365,-0.22005750238895416
10.34,-0.005459319334477186,-0.025432437658309937,-0.006790860556066036,-0.1912045031785965,-0.9469640254974365,-0.22005750238895416
10.36,-0.004394086077809334,-0.017975807189941406,-0.00359516148455441,-0.19364449381828308,-0.9435479640960693,-0.2239920049905777
10.38,-0.008655018173158169,-0.022236740216612816,-0.0025299284607172012,-0.18971000611782074,-0.942084014415741,-0.2193254977464676
10.4,-0.010785484686493874,-0.014780107885599136,-0.0025299284607172012,-0.19092999398708344,-0.9459880590438843,-0.21468950808048248
10.42,-0.009720250964164734,-0.016910573467612267,0.0027962366584688425,-0.1958404928445816,-0.9459880590438843,-0.21834948658943176
10.44,-0.006524552125483751,-0.013714875094592571,0.0017310036346316338,-0.1941325068473816,-0.9445239901542664,-0.21420150995254517
10.46,-0.0033288532868027687,-0.016910573467612267,0.007057168986648321,-0.19315649569034576,-0.9472079873085022,-0.2105415016412735
10.48,-0.0011983871227130294,-0.013714875094592571,0.004926702938973904,-0.1912045031785965,-0.9464760422706604,-0.21298149228096008
10.5,-0.00226362026296556,-0.009453942999243736,0.004926702938973904,-0.1946205049753189,-0.944767951965332,-0.2163975089788437
10.52,-0.006524552125483751,-0.008388710208237171,0.004926702938973904,-0.19437649846076965,-0.942084014415741,-0.21566550433635712
10.54,-0.0001331541279796511,-0.0030625448562204838,0.005991935729980469,-0.19364449381828308,-0.9415960311889648,-0.21029749512672424
10.56,-0.0001331541279796511,0.0011983871227130294,0.0038614696823060513,-0.19315649569034576,-0.9437919855117798,-0.21395748853683472
10.58,0.00399462366476655,0.0033288532868027687,0.010252867825329304,-0.19730450212955475,-0.9464760422706604,-0.2151774913072586
10.6,0.0018641578499227762,0.007589785382151604,0.008122402243316174,-0.19437649846076965,-0.9450119733810425,-0.21127350628376007
10.62,0.0007989247678779066,0.008655018173158169,0.010252867825329304,-0.19242450594902039,-0.9445239901542664,-0.2122495025396347
10.64,0.0007989247678779066,0.008655018173158169,0.011318100616335869,-0.19242450594902039,-0.9450119733810425,-0.21371349692344666
10.66,0.002929390873759985,0.010785484686493874,0.008122402243316174,-0.19242450594902039,-0.9450119733810425,-0.21371349692344666
10.68,0.0018641578499227762,0.012915950268507004,0.010252867825329304,-0.1941325068473816,-0.942084014415741,-0.21542151272296906
10.7,-0.0001331541279796511,0.020372580736875534,0.0027962366584688425,-0.1929125040769577,-0.9450119733810425,-0.21420150995254517
10.72,-0.007589785382151604,0.028894444927573204,0.0038614696823060513,-0.19974449276924133,-0.948915958404541,-0.21200551092624664
10.74,-0.009720250964164734,0.036351077258586884,-0.00359516148455441,-0.19364449381828308,-0.9467200040817261,-0.21420150995254517
10.76,-0.011850717477500439,0.033155377954244614,-0.0014646954368799925,-0.19364449381828308,-0.9467200040817261,-0.21420150995254517
10.78,-0.015046416781842709,0.033155377954244614,0.0017310036346316338,-0.19657249748706818,-0.9479399919509888,-0.21664150059223175
10.8,-0.011850717477500439,0.029959678649902344,0.004926702938973904,-0.1916925013065338,-0.9513559937477112,-0.2163975089788437
10.82,-0.0011983871227130294,0.025698747485876083,0.011318100616335869,-0.1975484937429428,-0.9542840719223022,-0.21078549325466156
10.84,0.0050598569214344025,0.020372580736875534,0.015579032711684704,-0.2021844983100891,-0.95306396484375,-0.20785750448703766
10.86,0.019973119720816612,0.0001331541279796511,0.02836182899773121,-0.1999884992837906,-0.9535519480705261,-0.20688150823116302
10.88,0.03169068321585655,-0.009453942999243736,0.02942706272006035,-0.18897800147533417,-0.9423280358314514,-0.21883749961853027
10.9,0.03382114693522453,-0.011584409512579441,0.02197043038904667,-0.17629000544548035,-0.9196054935455322,-0.2151774913072586
10.92,0.03595161437988281,0.0001331541279796511,0.008122402243316174,-0.17629000544548035,-0.9196054935455322,-0.2151774913072586
10.94,0.025299284607172012,0.008655018173158169,0.004926702938973904,-0.18800200521945953,-0.9303414821624756,-0.21444550156593323
10.96,-0.0033288532868027687,0.019307348877191544,-0.009986559860408306,-0.19068600237369537,-0.9450119733810425,-0.2151774913072586
10.98,-0.028894444927573204,0.043807707726955414,-0.01957365684211254,-0.19068600237369537,-0.9450119733810425,-0.2151774913072586
11,-0.034220609813928604,0.051264338195323944,-0.01957365684211254,-0.19486449658870697,-0.9486719965934753,-0.21395748853683472
11.02,-0.040612008422613144,0.048068638890981674,-0.02170412242412567,-0.19068600237369537,-0.9533079862594604,-0.20785750448703766
11.04,-0.048068638890981674,0.041677240282297134,-0.02276935614645481,-0.18604999780654907,-0.9479399919509888,-0.22249749302864075
11.06,-0.051264338195323944,0.037416309118270874,-0.01637795753777027,-0.18507400155067444,-0.9474520087242126,-0.21737349033355713
11.08,-0.047003407031297684,0.027829213067889214,-0.009986559860408306,-0.18946599960327148,-0.9491599798202515,-0.2105415016412735
11.1,-0.028894444927573204,0.006524552125483751,-0.0003994623839389533,-0.19193650782108307,-0.9472079873085022,-0.21078549325466156
11.12,-0.012915950268507004,0.005459319334477186,0.0027962366584688425,-0.19730450212955475,-0.9523320198059082,-0.211029514670372
11.14,0.0018641578499227762,-0.001997311832383275,0.004926702938973904,-0.19315649569034576,-0.9476959705352783,-0.21444550156593323
11.16,0.008255556225776672,0.0011983871227130294,0.000665770610794425,-0.18727000057697296,-0.944767951965332,-0.21761751174926758
11.18,0.008255556225776672,0.008655018173158169,-0.00359516148455441,-0.18849000334739685,-0.9411080479621887,-0.22030149400234222
11.2,0.008255556225776672,0.0033288532868027687,-0.0025299284607172012,-0.18849000334739685,-0.9411080479621887,-0.22030149400234222
11.22,0.00399462366476655,-0.0009320789249613881,-0.0025299284607172012,-0.19364449381828308,-0.9415960311889648,-0.21468950808048248
11.24,-0.0011983871227130294,0.0033288532868027687,-0.00359516148455441,-0.19068600237369537,-0.9430599808692932,-0.21322551369667053
11.26,-0.007589785382151604,0.006524552125483751,0.000665770610794425,-0.1887339949607849,-0.9469640254974365,-0.21493349969387054
11.28,-0.009720250964164734,0.006524552125483751,0.000665770610794425,-0.1946205049753189,-0.9469640254974365,-0.21468950808048248
11.3,-0.005459319334477186,0.0011983871227130294,0.005991935729980469,-0.1946205049753189,-0.9469640254974365,-0.21468950808048248
11.32,-0.008655018173158169,-0.004127778112888336,0.0038614696823060513,-0.19486449658870697,-0.9501360654830933,-0.21615348756313324
11.34,-0.010785484686493874,-0.006258244160562754,0.0027962366584688425,-0.19486449658870697,-0.9501360654830933,-0.21615348756313324
11.36,-0.009720250964164734,-0.005193010903894901,0.000665770610794425,-0.19218049943447113,-0.9437919855117798,-0.21127350628376007
11.38,-0.006524552125483751,-0.005193010903894901,0.0017310036346316338,-0.19218049943447113,-0.9437919855117798,-0.21127350628376007
11.4,-0.008655018173158169,-0.001997311832383275,0.0017310036346316338,-0.19315649569034576,-0.9452559351921082,-0.21566550433635712
11.42,-0.008655018173158169,0.005459319334477186,0.0027962366584688425,-0.19486449658870697,-0.9445239901542664,-0.21468950808048248
11.44,-0.010785484686493874,0.0033288532868027687,0.0017310036346316338,-0.19608449935913086,-0.9452559351921082,-0.21298149228096008
11.46,-0.009720250964164734,0.0033288532868027687,-0.00359516148455441,-0.1958404928445816,-0.9481840133666992,-0.21273750066757202
11.48,-0.011850717477500439,0.004394086077809334,-0.004660394508391619,-0.19388850033283234,-0.944767951965332,-0.21200551092624664
11.5,-0.011850717477500439,0.007589785382151604,0.000665770610794425,-0.19388850033283234,-0.944767951965332,-0.21200551092624664
11.52,-0.015046416781842709,0.012915950268507004,-0.0014646954368799925,-0.19608449935913086,-0.9469640254974365,-0.21273750066757202
11.54,-0.015046416781842709,0.010785484686493874,-0.0014646954368799925,-0.19486449658870697,-0.9472079873085022,-0.21151749789714813
11.56,-0.015046416781842709,0.012915950268507004,-0.004660394508391619,-0.19486449658870697,-0.9472079873085022,-0.21151749789714813
11.58,-0.012915950268507004,0.013981183059513569,-0.008921326138079166,-0.1946205049753189,-0.9479399919509888,-0.21200551092624664
11.6,-0.016111649572849274,0.013981183059513569,-0.012117025442421436,-0.19340050220489502,-0.9455000758171082,-0.20980948209762573
11.62,-0.016111649572849274,0.016111649572849274,-0.008921326138079166,-0.19092999398708344,-0.9442799687385559,-0.2117614895105362
11.64,-0.013981183059513569,0.015046416781842709,-0.009986559860408306,-0.19144849479198456,-0.9496479630470276,-0.20785750448703766
11.66,-0.016111649572849274,0.018242115154862404,-0.004660394508391619,-0.19092999398708344,-0.9479399919509888,-0.21371349692344666
11.68,-0.015046416781842709,0.017176883295178413,-0.007856093347072601,-0.19144849479198456,-0.9484279751777649,-0.21078549325466156
11.7,-0.018242115154862404,0.018242115154862404,-0.007856093347072601,-0.1899539977312088,-0.9430599808692932,-0.21761751174926758
11.72,-0.018242115154862404,0.020372580736875534,-0.008921326138079166,-0.18897800147533417,-0.9457440376281738,-0.2181054949760437
11.74,-0.020372580736875534,0.020372580736875534,-0.006790860556066036,-0.1870260089635849,-0.9430599808692932,-0.21371349692344666
11.76,-0.018242115154862404,0.019307348877191544,-0.012117025442421436,-0.18678200244903564,-0.9435479640960693,-0.2185935080051422
11.78,-0.021437814459204674,0.016111649572849274,-0.008921326138079166,-0.18556199967861176,-0.9445239901542664,-0.21883749961853027
11.8,-0.025698747485876083,0.013981183059513569,-0.012117025442421436,-0.1853180080652237,-0.9474520087242126,-0.22225350141525269
11.82,-0.028894444927573204,0.019307348877191544,-0.013182258233428001,-0.185806006193161,-0.944767951965332,-0.22298550605773926
11.84,-0.027829213067889214,0.015046416781842709,-0.013182258233428001,-0.18556199967861176,-0.9469640254974365,-0.22030149400234222
11.86,-0.028894444927573204,0.016111649572849274,-0.012117025442421436,-0.18287800252437592,-0.944767951965332,-0.22618800401687622
11.88,-0.031024912372231483,0.017176883295178413,-0.014247491955757141,-0.18604999780654907,-0.9430599808692932,-0.22618800401687622
11.9,-0.029959678649902344,0.010785484686493874,-0.015312724746763706,-0.1794620007276535,-0.9496479630470276,-0.22765198349952698
11.92,-0.031024912372231483,0.009720250964164734,-0.01957365684211254,-0.17702199518680573,-0.9437919855117798,-0.22911600768566132
11.94,-0.03954677656292915,0.011850717477500439,-0.02276935614645481,-0.1794620007276535,-0.9467200040817261,-0.22423599660396576
11.96,-0.03954677656292915,0.013981183059513569,-0.0185084231197834,-0.18604999780654907,-0.9484279751777649,-0.2281399965286255
11.98,-0.037416309118270874,0.006524552125483751,-0.015312724746763706,-0.18287800252437592,-0.9455000758171082,-0.23058000206947327
12,-0.03209014609456062,0.008655018173158169,-0.015312724746763706,-0.1782420128583908,-0.9472079873085022,-0.23424001038074493
12.02,-0.03209014609456062,0.004394086077809334,-0.01744319126009941,-0.17555800080299377,-0.9433040022850037,-0.2298480123281479
12.04,-0.027829213067889214,0.00226362026296556,-0.0185084231197834,-0.17799799144268036,-0.9411080479621887,-0.23301999270915985
12.06,-0.024633513763546944,-0.0009320789249613881,-0.01637795753777027,-0.1760459989309311,-0.9411080479621887,-0.23179998993873596
12.08,-0.021437814459204674,-0.001997311832383275,-0.013182258233428001,-0.18141399323940277,-0.9445239901542664,-0.234484001994133
12.1,-0.021437814459204674,0.0001331541279796511,-0.008921326138079166,-0.18385399878025055,-0.9415960311889648,-0.23594799637794495
12.12,-0.020372580736875534,-0.004127778112888336,-0.009986559860408306,-0.1765339970588684,-0.9425719976425171,-0.22960399091243744
12.14,-0.018242115154862404,-0.001997311832383275,-0.011051792651414871,-0.18312200903892517,-0.9423280358314514,-0.23228800296783447
12.16,-0.016111649572849274,0.00226362026296556,-0.007856093347072601,-0.17848600447177887,-0.9381800293922424,-0.23546001315116882
12.18,-0.016111649572849274,0.0011983871227130294,-0.006790860556066036,-0.17702199518680573,-0.9372040629386902,-0.23375199735164642
12.2,-0.013981183059513569,0.0001331541279796511,-0.005725627299398184,-0.1811700016260147,-0.9418400526046753,-0.2374119907617569
12.22,-0.010785484686493874,0.004394086077809334,-0.0014646954368799925,-0.18043801188468933,-0.9418400526046753,-0.23814399540424347
12.24,-0.007589785382151604,0.007589785382151604,-0.0014646954368799925,-0.17921799421310425,-0.9413520693778992,-0.23399598896503448
12.26,-0.006524552125483751,0.006524552125483751,-0.0003994623839389533,-0.17872999608516693,-0.9455000758171082,-0.23887600004673004
12.28,-0.005459319334477186,0.007589785382151604,0.0017310036346316338,-0.18092601001262665,-0.9464760422706604,-0.23643600940704346
12.3,-0.0001331541279796511,0.007589785382151604,0.0017310036346316338,-0.17994999885559082,-0.9418400526046753,-0.23301999270915985
12.32,-0.0011983871227130294,0.010785484686493874,0.004926702938973904,-0.18678200244903564,-0.9411080479621887,-0.2315559983253479
12.34,0.0018641578499227762,0.006524552125483751,0.004926702938973904,-0.1789740025997162,-0.9418400526046753,-0.23082399368286133
12.36,0.0018641578499227762,0.007589785382151604,0.0017310036346316338,-0.17726600170135498,-0.942084014415741,-0.22643199563026428
12.38,-0.0011983871227130294,0.010785484686493874,0.0038614696823060513,-0.1806820034980774,-0.942084014415741,-0.2327760010957718
12.4,-0.0033288532868027687,0.011850717477500439,0.009187635034322739,-0.18312200903892517,-0.9464760422706604,-0.23399598896503448
12.42,0.0018641578499227762,0.015046416781842709,0.010252867825329304,-0.18312200903892517,-0.9479399919509888,-0.22789600491523743
12.44,0.0050598569214344025,0.013981183059513569,0.007057168986648321,-0.17994999885559082,-0.944767951965332,-0.22838400304317474
12.46,0.0018641578499227762,0.015046416781842709,0.0038614696823060513,-0.17872999608516693,-0.9459880590438843,-0.23399598896503448
12.48,-0.0011983871227130294,0.017176883295178413,0.0038614696823060513,-0.18092601001262665,-0.9403759837150574,-0.23131200671195984
12.5,-0.0011983871227130294,0.019307348877191544,0.0027962366584688425,-0.18263401091098785,-0.9428160190582275,-0.23106801509857178
12.52,-0.005459319334477186,0.023568280041217804,0.0017310036346316338,-0.17994999885559082,-0.9425719976425171,-0.230335995554924
12.54,-0.00226362026296556,0.027829213067889214,-0.00359516148455441,-0.17872999608516693,-0.9476959705352783,-0.23424001038074493
12.56,-0.006524552125483751,0.023568280041217804,0.0038614696823060513,-0.1782420128583908,-0.9455000758171082,-0.2252119928598404
12.58,-0.004394086077809334,0.021437814459204674,-0.00359516148455441,-0.1819019913673401,-0.9479399919509888,-0.230335995554924
12.6,-0.005459319334477186,0.020372580736875534,0.0027962366584688425,-0.17921799421310425,-0.9445239901542664,-0.23131200671195984
12.62,-0.004394086077809334,0.013981183059513569,-0.0014646954368799925,-0.1794620007276535,-0.9425719976425171,-0.23058000206947327
12.64,-0.005459319334477186,0.015046416781842709,-0.0025299284607172012,-0.17702199518680573,-0.9425719976425171,-0.22838400304317474
12.66,-0.005459319334477186,0.019307348877191544,0.000665770610794425,-0.17848600447177887,-0.9459880590438843,-0.2298480123281479
12.68,-0.006524552125483751,0.018242115154862404,-0.0014646954368799925,-0.17799799144268036,-0.9474520087242126,-0.22960399091243744
12.7,-0.006524552125483751,0.016111649572849274,-0.0014646954368799925,-0.1777539998292923,-0.9479399919509888,-0.23131200671195984
12.72,-0.006524552125483751,0.015046416781842709,-0.0025299284607172012,-0.17336200177669525,-0.944767951965332,-0.22887201607227325
12.74,-0.008655018173158169,0.011850717477500439,-0.005725627299398184,-0.17702199518680573,-0.9425719976425171,-0.230335995554924
12.76,-0.006524552125483751,0.012915950268507004,-0.004660394508391619,-0.17921799421310425,-0.9445239901542664,-0.23375199735164642
12.78,-0.006524552125483751,0.005459319334477186,-0.008921326138079166,-0.17580199241638184,-0.942084014415741,-0.2315559983253479
12.8,-0.006524552125483751,0.00226362026296556,-0.009986559860408306,-0.17580199241638184,-0.942084014415741,-0.2315559983253479
12.82,-0.007589785382151604,0.005459319334477186,-0.008921326138079166,-0.17629000544548035,-0.9428160190582275,-0.23399598896503448
12.84,-0.010785484686493874,0.007589785382151604,-0.00359516148455441,-0.17458200454711914,-0.9498920440673828,-0.23106801509857178
12.86,-0.008655018173158169,0.004394086077809334,-0.0014646954368799925,-0.1736059933900833,-0.9423280358314514,-0.2349720001220703
12.88,-0.009720250964164734,0.0011983871227130294,-0.0025299284607172012,-0.17555800080299377,-0.9442799687385559,-0.2320440113544464
12.9,-0.007589785382151604,0.0033288532868027687,-0.00359516148455441,-0.1760459989309311,-0.9474520087242126,-0.23521599173545837
12.92,-0.00226362026296556,-0.0009320789249613881,-0.004660394508391619,-0.173117995262146,-0.9413520693778992,-0.2449759840965271
12.94,-0.006524552125483751,0.0001331541279796511,-0.004660394508391619,-0.17531399428844452,-0.9408639669418335,-0.23375199735164642
12.96,-0.009720250964164734,0.0033288532868027687,-0.0025299284607172012,-0.17580199241638184,-0.9418400526046753,-0.23253199458122253
12.98,-0.005459319334477186,0.004394086077809334,-0.00359516148455441,-0.17214199900627136,-0.9423280358314514,-0.2379000037908554
13,0.0007989247678779066,0.00226362026296556,-0.00359516148455441,-0.1718980073928833,-0.9425719976425171,-0.23521599173545837
13.02,0.0007989247678779066,0.007589785382151604,-0.0003994623839389533,-0.17384999990463257,-0.9464760422706604,-0.2349720001220703
13.04,0.0018641578499227762,0.006524552125483751,0.004926702938973904,-0.17531399428844452,-0.94623202085495,-0.2374119907617569
13.06,0.002929390873759985,0.004394086077809334,0.0038614696823060513,-0.1760459989309311,-0.9435479640960693,-0.23765601217746735
13.08,-0.0011983871227130294,0.009720250964164734,0.0017310036346316338,-0.17702199518680573,-0.9413520693778992,-0.23716799914836884
13.1,0.0007989247678779066,0.009720250964164734,-0.0003994623839389533,-0.1736059933900833,-0.9413520693778992,-0.24058398604393005
13.12,-0.005459319334477186,0.011850717477500439,0.000665770610794425,-0.18019400537014008,-0.9442799687385559,-0.2374119907617569
13.14,-0.007589785382151604,0.012915950268507004,0.0027962366584688425,-0.1765339970588684,-0.9474520087242126,-0.23985201120376587
13.16,-0.00226362026296556,0.011850717477500439,0.007057168986648321,-0.17507000267505646,-0.9464760422706604,-0.2379000037908554
13.18,-0.004394086077809334,0.011850717477500439,0.0027962366584688425,-0.17238600552082062,-0.9442799687385559,-0.24155999720096588
13.2,-0.004394086077809334,0.012915950268507004,0.0027962366584688425,-0.17458200454711914,-0.9430599808692932,-0.23936399817466736
13.22,-0.0011983871227130294,0.010785484686493874,0.0017310036346316338,-0.17458200454711914,-0.9430599808692932,-0.23936399817466736
13.24,-0.004394086077809334,0.0033288532868027687,-0.0003994623839389533,-0.17262999713420868,-0.9418400526046753,-0.23765601217746735
13.26,-0.0033288532868027687,0.006524552125483751,0.0017310036346316338,-0.17409400641918182,-0.9442799687385559,-0.23643600940704346
13.28,-0.0033288532868027687,0.007589785382151604,0.0027962366584688425,-0.1765339970588684,-0.9418400526046753,-0.23521599173545837
13.3,-0.0001331541279796511,0.005459319334477186,0.005991935729980469,-0.17677800357341766,-0.9435479640960693,-0.23375199735164642
13.32,0.0007989247678779066,0.006524552125483751,0.0017310036346316338,-0.17970599234104156,-0.9440360069274902,-0.23131200671195984
13.34,0.0007989247678779066,0.00226362026296556,0.004926702938973904,-0.17433799803256989,-0.9472079873085022,-0.23399598896503448
13.36,-0.0011983871227130294,0.0001331541279796511,0.0017310036346316338,-0.17677800357341766,-0.942084014415741,-0.23350800573825836
13.38,-0.004394086077809334,-0.0030625448562204838,-0.0014646954368799925,-0.17629000544548035,-0.9467200040817261,-0.2327760010957718
13.4,-0.0001331541279796511,-0.0009320789249613881,-0.00359516148455441,-0.1760459989309311,-0.9435479640960693,-0.2332640141248703
13.42,-0.0033288532868027687,0.0011983871227130294,-0.0003994623839389533,-0.17555800080299377,-0.9435479640960693,-0.23424001038074493
13.44,-0.0001331541279796511,-0.004127778112888336,-0.0003994623839389533,-0.17555800080299377,-0.9435479640960693,-0.23424001038074493
13.46,-0.0011983871227130294,-0.005193010903894901,0.005991935729980469,-0.17677800357341766,-0.9474520087242126,-0.2327760010957718
13.48,-0.0001331541279796511,-0.004127778112888336,0.0027962366584688425,-0.1789740025997162,-0.9464760422706604,-0.23253199458122253
13.5,0.0018641578499227762,-0.006258244160562754,0.0027962366584688425,-0.17799799144268036,-0.948915958404541,-0.23253199458122253
13.52,0.0050598569214344025,-0.0009320789249613881,0.0027962366584688425,-0.17458200454711914,-0.9413520693778992,-0.22911600768566132
13.54,0.0007989247678779066,-0.001997311832383275,0.009187635034322739,-0.17409400641918182,-0.9428160190582275,-0.2281399965286255
13.56,-0.0011983871227130294,-0.0030625448562204838,0.009187635034322739,-0.17970599234104156,-0.9440360069274902,-0.23082399368286133
13.58,-0.0011983871227130294,0.00226362026296556,0.007057168986648321,-0.18141399323940277,-0.9437919855117798,-0.2332640141248703
13.6,-0.0033288532868027687,0.0011983871227130294,0.007057168986648321,-0.1794620007276535,-0.9435479640960693,-0.23106801509857178
13.62,-0.00226362026296556,0.0033288532868027687,0.007057168986648321,-0.17970599234104156,-0.9450119733810425,-0.23228800296783447
13.64,-0.0001331541279796511,0.0011983871227130294,0.010252867825329304,-0.17872999608516693,-0.9457440376281738,-0.23179998993873596
13.66,-0.0001331541279796511,0.0011983871227130294,0.009187635034322739,-0.18092601001262665,-0.9442799687385559,-0.23131200671195984
13.68,-0.0001331541279796511,0.0033288532868027687,0.005991935729980469,-0.1789740025997162,-0.9445239901542664,-0.22740799188613892
13.7,-0.005459319334477186,0.005459319334477186,0.005991935729980469,-0.17970599234104156,-0.9452559351921082,-0.23375199735164642
13.72,-0.008655018173158169,0.009720250964164734,0.012383334338665009,-0.18141399323940277,-0.9440360069274902,-0.23472799360752106
13.74,-0.008655018173158169,0.012915950268507004,0.010252867825329304,-0.1836100071668625,-0.9452559351921082,-0.2286279946565628
13.76,-0.008655018173158169,0.013981183059513569,0.008122402243316174,-0.17921799421310425,-0.9445239901542664,-0.23985201120376587
13.78,-0.004394086077809334,0.012915950268507004,0.005991935729980469,-0.17580199241638184,-0.9445239901542664,-0.234484001994133
13.8,-0.008655018173158169,0.018242115154862404,0.000665770610794425,-0.17677800357341766,-0.94623202085495,-0.23301999270915985
13.82,-0.010785484686493874,0.018242115154862404,-0.0014646954368799925,-0.17555800080299377,-0.9455000758171082,-0.2327760010957718
13.84,-0.012915950268507004,0.013981183059513569,-0.0014646954368799925,-0.17555800080299377,-0.9457440376281738,-0.22960399091243744
13.86,-0.018242115154862404,0.017176883295178413,-0.00359516148455441,-0.17677800357341766,-0.9491599798202515,-0.23058000206947327
13.88,-0.019307348877191544,0.016111649572849274,-0.00359516148455441,-0.1718980073928833,-0.9484279751777649,-0.23668000102043152
13.9,-0.019307348877191544,0.010785484686493874,-0.00359516148455441,-0.17555800080299377,-0.9511120319366455,-0.23350800573825836
13.92,-0.018242115154862404,0.010785484686493874,-0.0025299284607172012,-0.17872999608516693,-0.9433040022850037,-0.23863200843334198
13.94,-0.018242115154862404,0.009720250964164734,0.0027962366584688425,-0.17580199241638184,-0.9430599808692932,-0.2315559983253479
13.96,-0.018242115154862404,0.011850717477500439,-0.0003994623839389533,-0.17214199900627136,-0.9442799687385559,-0.23985201120376587
13.98,-0.016111649572849274,0.007589785382151604,-0.00359516148455441,-0.17580199241638184,-0.9425719976425171,-0.23814399540424347
14,-0.016111649572849274,0.005459319334477186,-0.0014646954368799925,-0.17677800357341766,-0.9394000172615051,-0.236191987991333
14.02,-0.019307348877191544,0.007589785382151604,-0.0003994623839389533,-0.17409400641918182,-0.940619945526123,-0.23936399817466736
14.04,-0.020372580736875534,0.010785484686493874,-0.0025299284607172012,-0.1777539998292923,-0.9408639669418335,-0.23863200843334198
14.06,-0.018242115154862404,0.016111649572849274,-0.00359516148455441,-0.17629000544548035,-0.9442799687385559,-0.23594799637794495
14.08,-0.013981183059513569,0.017176883295178413,-0.00359516148455441,-0.17507000267505646,-0.9403759837150574,-0.23863200843334198
14.1,-0.013981183059513569,0.016111649572849274,-0.004660394508391619,-0.1782420128583908,-0.9445239901542664,-0.2391199916601181
14.12,-0.015046416781842709,0.017176883295178413,-0.005725627299398184,-0.1714099943637848,-0.9464760422706604,-0.24009600281715393
14.14,-0.021437814459204674,0.015046416781842709,-0.008921326138079166,-0.16970200836658478,-0.9394000172615051,-0.24400001764297485
14.16,-0.026763979345560074,0.017176883295178413,-0.011051792651414871,-0.16994599997997284,-0.9457440376281738,-0.24277998507022858
14.18,-0.022503048181533813,0.020372580736875534,-0.007856093347072601,-0.16994599997997284,-0.9457440376281738,-0.24277998507022858
14.2,-0.020372580736875534,0.017176883295178413,-0.005725627299398184,-0.17507000267505646,-0.9459880590438843,-0.2391199916601181
14.22,-0.020372580736875534,0.012915950268507004,-0.007856093347072601,-0.168969988822937,-0.9428160190582275,-0.24155999720096588
14.24,-0.018242115154862404,0.011850717477500439,-0.009986559860408306,-0.1736059933900833,-0.940619945526123,-0.24302400648593903
14.26,-0.016111649572849274,0.012915950268507004,-0.011051792651414871,-0.17458200454711914,-0.9435479640960693,-0.24522000551223755
14.28,-0.019307348877191544,0.011850717477500439,-0.012117025442421436,-0.168969988822937,-0.9411080479621887,-0.23985201120376587
14.3,-0.019307348877191544,0.008655018173158169,-0.009986559860408306,-0.16994599997997284,-0.9413520693778992,-0.24619601666927338
14.32,-0.015046416781842709,0.005459319334477186,-0.011051792651414871,-0.16628599166870117,-0.9428160190582275,-0.24570800364017487
14.34,-0.012915950268507004,0.008655018173158169,-0.011051792651414871,-0.16628599166870117,-0.9428160190582275,-0.24570800364017487
14.36,-0.017176883295178413,0.006524552125483751,-0.011051792651414871,-0.17287400364875793,-0.9411080479621887,-0.24400001764297485
14.38,-0.015046416781842709,0.00226362026296556,-0.012117025442421436,-0.1736059933900833,-0.9367160201072693,-0.24448800086975098
14.4,-0.016111649572849274,0.0001331541279796511,-0.006790860556066036,-0.17531399428844452,-0.9396439790725708,-0.24473199248313904
14.42,-0.008655018173158169,-0.001997311832383275,-0.009986559860408306,-0.16921399533748627,-0.9425719976425171,-0.24863600730895996
14.44,-0.009720250964164734,-0.004127778112888336,-0.008921326138079166,-0.168969988822937,-0.9437919855117798,-0.24863600730895996
14.46,-0.009720250964164734,-0.005193010903894901,-0.005725627299398184,-0.1701900064945221,-0.9415960311889648,-0.24302400648593903
14.48,-0.0033288532868027687,-0.011584409512579441,-0.007856093347072601,-0.16823799908161163,-0.9403759837150574,-0.24619601666927338
14.5,-0.005459319334477186,-0.011584409512579441,-0.005725627299398184,-0.16823799908161163,-0.9403759837150574,-0.24619601666927338
14.52,0.09986559301614761,0.2130466103553772,0.010252867825329304,0.08680299669504166,0.2812405228614807,0.9856684803962708
14.54,0.008255556225776672,-0.07443315535783768,-0.01957365684211254,0.08680299669504166,0.2812405228614807,0.9856684803962708
14.56,-0.04593817517161369,-0.016910573467612267,-0.03768261894583702,0.07408449798822403,0.3117710053920746,0.9526980519294739
14.58,-0.23981058597564697,0.07256899774074554,-0.01637795753777027,0.06481250375509262,0.29981499910354614,0.9275354743003845
14.6,-0.431552529335022,0.1395455300807953,-0.02063889056444168,0.05895650014281273,0.29441651701927185,0.8845304846763611
14.62,-0.5370106101036072,0.18428531289100647,-0.03235645219683647,0.07335250079631805,0.28343650698661804,0.9304634928703308
14.64,-0.5103797912597656,0.03848154470324516,-0.07070484012365341,0.06676450371742249,0.26071399450302124,0.991768479347229
14.66,-0.31544211506843567,-0.23954427242279053,-0.02916075475513935,0.06676450371742249,0.26071399450302124,0.991768479347229
14.68,0.015712186694145203,-0.3918725848197937,-0.011051792651414871,0.04648200049996376,0.24778199195861816,1.1021784543991089
14.7,0.42689213156700134,-0.7613753080368042,-0.039813082665205,0.08387500047683716,0.2756285071372986,1.1107184886932373
14.72,0.48867565393447876,-0.8146369457244873,-0.039813082665205,0.10022300481796265,0.27806851267814636,1.042337417602539
14.74,0.4194355010986328,-0.7038527131080627,-0.02170412242412567,0.11538149416446686,0.2824605107307434,0.9944524765014648
14.76,0.31823837757110596,-0.4983958899974823,-0.0185084231197834,0.1634799987077713,0.3046950101852417,0.923631489276886
14.78,0.164844810962677,-0.23954427242279053,-0.03342168778181076,0.16985450685024261,0.311039000749588,0.9167689681053162
14.8,0.08282186836004257,-0.10639014840126038,-0.03661738336086273,0.16985450685024261,0.311039000749588,0.9167689681053162
14.82,0.00719032296910882,0.019307348877191544,-0.03448691964149475,0.16448649764060974,0.3129909932613373,0.933879554271698
14.84,-0.031024912372231483,0.07576470077037811,-0.039813082665205,0.14883999526500702,0.31030699610710144,0.9583100080490112
14.86,-0.006524552125483751,0.0768299326300621,-0.04620448127388954,0.1495719999074936,0.3176270127296448,0.9705100059509277
14.88,0.03488638252019882,0.08641702681779861,-0.04940018057823181,0.14908400177955627,0.3156749904155731,0.9722179770469666
14.9,0.05619104206562042,0.11397993564605713,-0.05259587988257408,0.1471319943666458,0.3134790062904358,0.9778605103492737
14.92,0.06045197322964668,0.11397993564605713,-0.05685681104660034,0.1424959897994995,0.3071350157260895,0.9563580751419067
14.94,0.1541924774646759,0.006524552125483751,-0.01637795753777027,0.12465349584817886,0.30103498697280884,0.935587465763092
14.96,0.07536523789167404,0.07043853402137756,-0.011051792651414871,0.12782549858093262,0.303475022315979,0.9321714639663696
14.98,-0.08641702681779861,0.21837277710437775,-0.013182258233428001,0.1466439962387085,0.3244895040988922,0.9231435060501099
15,-0.1194392517209053,0.2769605815410614,-0.006790860556066036,0.13514550030231476,0.3279055058956146,0.9343675374984741
15.02,-0.08961272984743118,0.2748301327228546,-0.01637795753777027,0.12074949592351913,0.31713899970054626,0.9695340394973755
